sample_id,decision_date,endpoint_date,return_zero_bps,return_train_mean_bps,return_train_median_bps,return_linear_bps,return_boosting_bps,movement_trailing5_raw_bps2,movement_trailing5_bps2,movement_ewma_raw_bps2,movement_ewma_bps2,movement_linear_raw_bps2,movement_linear_bps2,movement_boosting_raw_bps2,movement_boosting_bps2,quantiles_rolling_empirical_raw_q05_bps,quantiles_rolling_empirical_q05_bps,quantiles_rolling_empirical_raw_q50_bps,quantiles_rolling_empirical_q50_bps,quantiles_rolling_empirical_raw_q95_bps,quantiles_rolling_empirical_q95_bps,quantiles_ewma_scaled_empirical_raw_q05_bps,quantiles_ewma_scaled_empirical_q05_bps,quantiles_ewma_scaled_empirical_raw_q50_bps,quantiles_ewma_scaled_empirical_q50_bps,quantiles_ewma_scaled_empirical_raw_q95_bps,quantiles_ewma_scaled_empirical_q95_bps,quantiles_linear_raw_q05_bps,quantiles_linear_q05_bps,quantiles_linear_raw_q50_bps,quantiles_linear_q50_bps,quantiles_linear_raw_q95_bps,quantiles_linear_q95_bps,quantiles_boosting_raw_q05_bps,quantiles_boosting_q05_bps,quantiles_boosting_raw_q50_bps,quantiles_boosting_q50_bps,quantiles_boosting_raw_q95_bps,quantiles_boosting_q95_bps
2026-01-02|2026-01-09,2026-01-02,2026-01-09,0,1.8479018142223678,1.5355086372359494,4.3064106656738481,3.1558950657859417,204.24823910801291,204.24823910801291,711.22020474487317,711.22020474487317,9.3867487538295791,9.3867487538295791,1383.6004584088289,1383.6004584088289,-120.48248773107478,-120.48248773107478,16.670941266991868,16.670941266991868,214.95834244462418,214.95834244462418,-57.558629116455684,-57.558629116455684,16.670941266991868,16.670941266991868,123.987168862537,123.987168862537,-158.05580566673285,-158.05580566673285,6.1948694144456447,6.1948694144456447,132.67939840617197,132.67939840617197,-149.68943134633452,-149.68943134633452,6.3794054527322741,6.3794054527322741,150.76500266931305,150.76500266931305
2026-01-05|2026-01-12,2026-01-05,2026-01-12,0,1.8479018142223678,1.5355086372359494,5.7972602125691477,3.1558950657859417,677.09253584733722,677.09253584733722,810.44347498000911,810.44347498000911,84.760667413530427,84.760667413530427,1383.6004584088289,1383.6004584088289,-120.48248773107478,-120.48248773107478,16.670941266991868,16.670941266991868,214.95834244462418,214.95834244462418,-63.106196962657002,-63.106196962657002,16.670941266991868,16.670941266991868,132.00747735293106,132.00747735293106,-158.29007693670468,-158.29007693670468,5.1735102023954838,5.1735102023954838,133.66383665766716,133.66383665766716,-149.68943134633452,-149.68943134633452,4.1534893869822369,4.1534893869822369,150.76500266931305,150.76500266931305
2026-01-06|2026-01-13,2026-01-06,2026-01-13,0,1.8479018142223678,1.5355086372359494,2.670033559569827,3.1558950657859417,885.42290648813503,885.42290648813503,843.36107835044822,843.36107835044822,353.58728645686415,353.58728645686415,1383.6004584088289,1383.6004584088289,-120.48248773107478,-120.48248773107478,16.670941266991868,16.670941266991868,214.95834244462418,214.95834244462418,-64.641690631084316,-64.641690631084316,16.670941266991868,16.670941266991868,134.22739304341991,134.22739304341991,-159.93646703582874,-159.93646703582874,5.1144923056153697,5.1144923056153697,134.51816214040883,134.51816214040883,-149.68943134633452,-149.68943134633452,6.3386352814191769,6.3386352814191769,150.76500266931305,150.76500266931305
2026-01-07|2026-01-14,2026-01-07,2026-01-14,0,1.8479018142223678,1.5355086372359494,3.0666726936091511,4.1242013935159401,950.91691591539063,950.91691591539063,815.9181941080418,815.9181941080418,288.96776125063707,288.96776125063707,1383.6004584088289,1383.6004584088289,-120.48248773107478,-120.48248773107478,16.670941266991868,16.670941266991868,214.95834244462418,214.95834244462418,-63.282344852811512,-63.282344852811512,16.670941266991868,16.670941266991868,132.26214037970928,132.26214037970928,-159.87656105232972,-159.87656105232972,5.4633527083160702,5.4633527083160702,133.83320164879061,133.83320164879061,-149.68943134633452,-149.68943134633452,4.1534893869822369,4.1534893869822369,150.76500266931305,150.76500266931305
2026-01-08|2026-01-15,2026-01-08,2026-01-15,0,1.8479018142223678,1.5355086372359494,6.063642865879137,6.4372688055515521,955.69388475144262,955.69388475144262,770.52312848520387,770.52312848520387,357.17632003972631,357.17632003972631,1383.6004584088289,1383.6004584088289,-114.84745769930871,-114.84745769930871,16.670941266991868,16.670941266991868,214.95834244462418,214.95834244462418,-58.490609010623551,-58.490609010623551,16.670941266991868,16.670941266991868,129.99035961582007,129.99035961582007,-159.6666693979528,-159.6666693979528,5.5385709859800407,5.5385709859800407,133.87525625182477,133.87525625182477,-149.68943134633452,-149.68943134633452,4.1534893869822369,4.1534893869822369,150.76500266931305,150.76500266931305
2026-01-09|2026-01-16,2026-01-09,2026-01-16,0,1.8479018142223678,1.5355086372359494,5.3642279371705133,6.4372688055515521,993.65297937277319,993.65297937277319,772.22813371659072,772.22813371659072,216.44954998967023,216.44954998967023,1383.6004584088289,1383.6004584088289,-110.40112846415757,-110.40112846415757,16.670941266991868,16.670941266991868,214.95834244462418,214.95834244462418,-56.111031674697195,-56.111031674697195,16.670941266991868,16.670941266991868,130.24230512155097,130.24230512155097,-160.32431153004489,-160.32431153004489,5.4988948889090947,5.4988948889090947,134.30846030949289,134.30846030949289,-149.68943134633452,-149.68943134633452,4.1534893869822369,4.1534893869822369,150.76500266931305,150.76500266931305
2026-01-12|2026-01-19,2026-01-12,2026-01-19,0,1.8479018142223678,1.5355086372359494,1.5458583946224196,6.4372688055515521,889.5699361236417,889.5699361236417,836.56601523868426,836.56601523868426,375.28392796981325,375.28392796981325,1383.6004584088289,1383.6004584088289,-110.40112846415757,-110.40112846415757,18.483185615247866,18.483185615247866,214.95834244462418,214.95834244462418,-58.417677675834824,-58.417677675834824,18.483185615247866,18.483185615247866,135.71319365269761,135.71319365269761,-162.03590122817411,-162.03590122817411,6.1270478821710173,6.1270478821710173,133.07389253646045,133.07389253646045,-149.68943134633452,-149.68943134633452,6.3386352814191769,6.3386352814191769,150.76500266931305,150.76500266931305
2026-01-13|2026-01-20,2026-01-13,2026-01-20,0,1.8479018142223678,1.5355086372359494,3.1107730911370903,6.4372688055515521,829.0170154194625,829.0170154194625,849.75038998234891,849.75038998234891,234.32644535704549,234.32644535704549,1383.6004584088289,1383.6004584088289,-110.40112846415757,-110.40112846415757,18.483185615247866,18.483185615247866,214.95834244462418,214.95834244462418,-59.00053468469963,-59.00053468469963,18.483185615247866,18.483185615247866,136.60171855228518,136.60171855228518,-157.48803284489418,-157.48803284489418,6.0751751115821193,6.0751751115821193,133.43388998443874,133.43388998443874,-149.68943134633452,-149.68943134633452,6.3386352814191769,6.3386352814191769,150.76500266931305,150.76500266931305
2026-01-14|2026-01-21,2026-01-14,2026-01-21,0,1.8479018142223678,1.5355086372359494,5.7352494554631139,6.4372688055515521,753.14640582387437,753.14640582387437,799.16296416335194,799.16296416335194,217.08188788312509,217.08188788312509,1383.6004584088289,1383.6004584088289,-110.40112846415757,-110.40112846415757,18.483185615247866,18.483185615247866,214.95834244462418,214.95834244462418,-56.699002351671425,-56.699002351671425,18.483185615247866,18.483185615247866,133.09319286931492,133.09319286931492,-157.47343164096378,-157.47343164096378,6.2539877865367526,6.2539877865367526,132.88899054155087,132.88899054155087,-149.68943134633452,-149.68943134633452,6.3386352814191769,6.3386352814191769,150.76500266931305,150.76500266931305
2026-01-15|2026-01-22,2026-01-15,2026-01-22,0,1.8479018142223678,1.5355086372359494,2.9232075068125742,6.4372688055515521,848.6862896159123,848.6862896159123,783.43517747480689,783.43517747480689,213.58180882213264,213.58180882213264,1383.6004584088289,1383.6004584088289,-110.40112846415757,-110.40112846415757,16.670941266991868,16.670941266991868,214.95834244462418,214.95834244462418,-56.7067314581193,-56.7067314581193,16.670941266991868,16.670941266991868,131.17185448819589,131.17185448819589,-157.6453010339923,-157.6453010339923,6.0296287069784595,6.0296287069784595,132.93245879695891,132.93245879695891,-149.68943134633452,-149.68943134633452,6.3386352814191769,6.3386352814191769,150.76500266931305,150.76500266931305
2026-01-16|2026-01-23,2026-01-16,2026-01-23,0,1.8479018142223678,1.5355086372359494,4.9731975962189896,6.4372688055515521,696.15126631328212,696.15126631328212,738.60495277602843,738.60495277602843,227.97320111309182,227.97320111309182,1383.6004584088289,1383.6004584088289,-110.40112846415757,-110.40112846415757,15.374772136225179,15.374772136225179,214.95834244462418,214.95834244462418,-55.237893137993666,-55.237893137993666,15.374772136225179,15.374772136225179,127.42428064419775,127.42428064419775,-157.20489770584956,-157.20489770584956,6.2004556537614253,6.2004556537614253,131.71094990856975,131.71094990856975,-149.68943134633452,-149.68943134633452,-12.432404581433671,-12.432404581433671,150.76500266931305,150.76500266931305
2026-01-19|2026-01-26,2026-01-19,2026-01-26,0,1.8479018142223678,1.5355086372359494,4.4969616464880886,6.4372688055515521,356.29282071062073,356.29282071062073,703.00269147375695,703.00269147375695,258.31306439702712,258.31306439702712,1383.6004584088289,1383.6004584088289,-110.40112846415757,-110.40112846415757,14.632660628212113,14.632660628212113,214.95834244462418,214.95834244462418,-54.245446361570167,-54.245446361570167,14.632660628212113,14.632660628212113,124.98726033372448,124.98726033372448,-154.93041836337386,-154.93041836337386,6.4318212875292531,6.4318212875292531,131.53955890926289,131.53955890926289,-149.68943134633452,-149.68943134633452,-12.432404581433671,-12.432404581433671,150.76500266931305,150.76500266931305
2026-01-20|2026-01-27,2026-01-20,2026-01-27,0,1.8479018142223678,1.5355086372359494,4.5032517253523725,6.4372688055515521,1536.0708505991988,1536.0708505991988,1078.1342746098912,1078.1342746098912,1223.632441606715,1223.632441606715,1383.6004584088289,1383.6004584088289,-110.40112846415757,-110.40112846415757,14.632660628212113,14.632660628212113,214.95834244462418,214.95834244462418,-70.262043681156797,-70.262043681156797,14.632660628212113,14.632660628212113,150.64860997141943,150.64860997141943,-163.24785178147147,-163.24785178147147,7.015920884783589,7.015920884783589,136.58779478581309,136.58779478581309,-149.68943134633452,-149.68943134633452,6.3386352814191769,6.3386352814191769,150.76500266931305,150.76500266931305
2026-01-21|2026-01-28,2026-01-21,2026-01-28,0,1.8479018142223678,1.5355086372359494,3.7029722477371547,6.4372688055515521,1552.3396413484872,1552.3396413484872,1018.7244529380283,1018.7244529380283,1233.6853026422709,1233.6853026422709,1383.6004584088289,1383.6004584088289,-110.40112846415757,-110.40112846415757,14.632660628212113,14.632660628212113,214.95834244462418,214.95834244462418,-68.184363866423226,-68.184363866423226,14.632660628212113,14.632660628212113,147.31980878492399,147.31980878492399,-163.30224762315592,-163.30224762315592,7.1294771656727143,7.1294771656727143,136.46626779956117,136.46626779956117,-149.68943134633452,-149.68943134633452,6.3386352814191769,6.3386352814191769,150.76500266931305,150.76500266931305
2026-01-22|2026-01-29,2026-01-22,2026-01-29,0,1.8479018142223678,1.5355086372359494,5.2178370458019767,6.4372688055515521,1602.9834299367087,1602.9834299367087,1005.016113499469,1005.016113499469,914.65844656633408,914.65844656633408,1383.6004584088289,1383.6004584088289,-110.40112846415757,-110.40112846415757,14.632660628212113,14.632660628212113,214.95834244462418,214.95834244462418,-67.785803800250079,-67.785803800250079,14.632660628212113,14.632660628212113,146.6812468603394,146.6812468603394,-163.39828185140627,-163.39828185140627,6.6371366420257631,6.6371366420257631,136.61383038028515,136.61383038028515,-161.11886777210785,-161.11886777210785,6.3386352814191769,6.3386352814191769,150.76500266931305,150.76500266931305
2026-01-23|2026-01-30,2026-01-23,2026-01-30,0,1.8479018142223678,1.5355086372359494,1.3541804464104459,6.4372688055515521,1784.8855342649231,1784.8855342649231,1001.4616639376751,1001.4616639376751,946.93523979371321,946.93523979371321,1383.6004584088289,1383.6004584088289,-110.40112846415757,-110.40112846415757,14.632660628212113,14.632660628212113,214.95834244462418,214.95834244462418,-68.338181416947336,-68.338181416947336,14.632660628212113,14.632660628212113,147.56625101392265,147.56625101392265,-162.73046927916076,-162.73046927916076,5.5585432591440656,5.5585432591440656,137.22340689881722,137.22340689881722,-149.68943134633452,-149.68943134633452,6.3386352814191769,6.3386352814191769,150.76500266931305,150.76500266931305
2026-01-26|2026-02-02,2026-01-26,2026-02-02,0,1.8479018142223678,1.5355086372359494,-0.044967925087046279,3.1558950657859417,3037.5835084547216,3037.5835084547216,1325.8973922226446,1325.8973922226446,1793.1664390692367,1793.1664390692367,1411.0475040979277,1411.0475040979277,-110.40112846415757,-110.40112846415757,15.374772136225179,15.374772136225179,214.95834244462418,214.95834244462418,-80.176033125145111,-80.176033125145111,15.374772136225179,15.374772136225179,166.99659133112431,166.99659133112431,-170.36794847551221,-170.36794847551221,5.4381632654585106,5.4381632654585106,141.52216165765407,141.52216165765407,-149.68943134633452,-149.68943134633452,4.9039081969291693,4.9039081969291693,188.43542536671961,188.43542536671961
2026-01-27|2026-02-03,2026-01-27,2026-02-03,0,1.8479018142223678,1.5355086372359494,-7.4980409973240185,3.1558950657859417,2881.3141052006213,2881.3141052006213,1616.7744723376154,1616.7744723376154,1871.8797879796866,1871.8797879796866,1411.0475040979277,1411.0475040979277,-110.40112846415757,-110.40112846415757,16.670941266991868,16.670941266991868,214.95834244462418,214.95834244462418,-89.369179885482311,-89.369179885482311,16.670941266991868,16.670941266991868,182.13940407216748,182.13940407216748,-175.75229121041625,-175.75229121041625,4.755583786898808,4.755583786898808,141.9642481802565,141.9642481802565,-149.68943134633452,-149.68943134633452,4.9039081969291693,4.9039081969291693,185.95860863857376,185.95860863857376
2026-01-28|2026-02-04,2026-01-28,2026-02-04,0,1.8479018142223678,1.5355086372359494,-7.2965334339201604,3.1558950657859417,3148.3278860448531,3148.3278860448531,1605.1503730553586,1605.1503730553586,1873.9717788404425,1873.9717788404425,1411.0475040979277,1411.0475040979277,-110.40112846415757,-110.40112846415757,18.483185615247866,18.483185615247866,214.95834244462418,214.95834244462418,-88.560244390092635,-88.560244390092635,18.483185615247866,18.483185615247866,181.66343643224209,181.66343643224209,-176.9123546731791,-176.9123546731791,4.5097365277363597,4.5097365277363597,142.8762338727137,142.8762338727137,-154.83746867524698,-154.83746867524698,4.9039081969291693,4.9039081969291693,188.00718404917589,188.00718404917589
2026-01-29|2026-02-05,2026-01-29,2026-02-05,0,1.8479018142223678,1.5355086372359494,-6.9079377211077233,3.1558950657859417,2995.2991975397558,2995.2991975397558,1510.3478718582303,1510.3478718582303,1723.9281622529782,1723.9281622529782,1411.0475040979277,1411.0475040979277,-108.98663192477636,-108.98663192477636,19.408367536776218,19.408367536776218,219.61576761764991,219.61576761764991,-85.205452558179985,-85.205452558179985,19.408367536776218,19.408367536776218,182.53357507269109,182.53357507269109,-176.76208212295032,-176.76208212295032,4.3852823521739106,4.3852823521739106,142.12371881443238,142.12371881443238,-154.83746867524698,-154.83746867524698,4.9039081969291693,4.9039081969291693,188.00718404917589,188.00718404917589
2026-01-30|2026-02-06,2026-01-30,2026-02-06,0,1.8479018142223678,1.5355086372359494,-3.7284036640639084,3.1558950657859417,3141.4020202397364,3141.4020202397364,1520.3043636049049,1520.3043636049049,1663.8483129130163,1663.8483129130163,1411.0475040979277,1411.0475040979277,-108.98663192477636,-108.98663192477636,19.809656853775337,19.809656853775337,219.61576761764991,219.61576761764991,-85.646632001954998,-85.646632001954998,19.809656853775337,19.809656853775337,183.4076233144682,183.4076233144682,-177.74211672353616,-177.74211672353616,5.0329323896029479,5.0329323896029479,142.94099421091664,142.94099421091664,-149.68943134633452,-149.68943134633452,4.9039081969291693,4.9039081969291693,186.23696620549711,186.23696620549711
2026-02-02|2026-02-09,2026-02-02,2026-02-09,0,1.8479018142223678,1.5355086372359494,-3.1044239495580084,3.1558950657859417,2738.2842472795674,2738.2842472795674,1692.6741980217901,1692.6741980217901,1068.3797928148788,1068.3797928148788,1411.0475040979277,1411.0475040979277,-108.98663192477636,-108.98663192477636,19.408367536776218,19.408367536776218,219.61576761764991,219.61576761764991,-91.781296456546869,-91.781296456546869,19.408367536776218,19.408367536776218,192.78734364429297,192.78734364429297,-179.93514185443874,-179.93514185443874,5.6736936232804807,5.6736936232804807,145.62448987056655,145.62448987056655,-149.68943134633452,-149.68943134633452,4.9039081969291693,4.9039081969291693,163.65600702759426,163.65600702759426
2026-02-03|2026-02-10,2026-02-03,2026-02-10,0,1.8479018142223678,1.5355086372359494,-10.069984318463977,3.1558950657859417,1720.51253867338,1720.51253867338,1656.2131572069557,1656.2131572069557,769.97767160148032,769.97767160148032,1411.0475040979277,1411.0475040979277,-108.98663192477636,-108.98663192477636,19.408367536776218,19.408367536776218,219.61576761764991,219.61576761764991,-90.815276930436966,-90.815276930436966,19.408367536776218,19.408367536776218,191.28102129092332,191.28102129092332,-179.92936258991392,-179.92936258991392,4.6413276913877954,4.6413276913877954,145.42247385120589,145.42247385120589,-149.68943134633452,-149.68943134633452,2.7187623024922298,2.7187623024922298,159.57308245046087,159.57308245046087
2026-02-04|2026-02-11,2026-02-04,2026-02-11,0,1.8479018142223678,1.5355086372359494,-16.575499669591345,3.1558950657859417,1487.7487701294408,1487.7487701294408,1572.3936062693565,1572.3936062693565,810.03741374549054,810.03741374549054,1411.0475040979277,1411.0475040979277,-110.40112846415757,-110.40112846415757,19.408367536776218,19.408367536776218,219.61576761764991,219.61576761764991,-89.174046025803591,-89.174046025803591,19.408367536776218,19.408367536776218,186.87687626370263,186.87687626370263,-179.75002037674639,-179.75002037674639,4.4857265148528125,4.4857265148528125,145.19777893350684,145.19777893350684,-149.68943134633452,-149.68943134633452,2.7187623024922298,2.7187623024922298,159.57308245046087,159.57308245046087
2026-02-05|2026-02-12,2026-02-05,2026-02-12,0,1.8479018142223678,1.5355086372359494,-8.9129278912733696,3.1558950657859417,1552.012221558374,1552.012221558374,1498.8355465080683,1498.8355465080683,1169.8606283111203,1169.8606283111203,1411.0475040979277,1411.0475040979277,-114.84745769930871,-114.84745769930871,18.483185615247866,18.483185615247866,219.61576761764991,219.61576761764991,-90.662323585436184,-90.662323585436184,18.483185615247866,18.483185615247866,183.1318930223604,183.1318930223604,-179.97163743157034,-179.97163743157034,4.5046079489074096,4.5046079489074096,145.3699507647176,145.3699507647176,-149.68943134633452,-149.68943134633452,2.7187623024922298,2.7187623024922298,159.57308245046087,159.57308245046087
2026-02-06|2026-02-13,2026-02-06,2026-02-13,0,1.8479018142223678,1.5355086372359494,-6.5803712453215795,3.1558950657859417,1219.0533107853403,1219.0533107853403,1409.5951045438424,1409.5951045438424,1007.3385981564998,1007.3385981564998,1411.0475040979277,1411.0475040979277,-114.84745769930871,-114.84745769930871,18.483185615247866,18.483185615247866,219.61576761764991,219.61576761764991,-87.363540556983864,-87.363540556983864,18.483185615247866,18.483185615247866,178.15559701505029,178.15559701505029,-179.41007619740554,-179.41007619740554,4.3065442090967512,4.3065442090967512,145.33341805505685,145.33341805505685,-149.68943134633452,-149.68943134633452,2.7187623024922298,2.7187623024922298,165.44073070543365,165.44073070543365
2026-02-09|2026-02-16,2026-02-09,2026-02-16,0,1.8479018142223678,1.5355086372359494,-12.644824033694539,3.1558950657859417,1557.4062180686151,1557.4062180686151,1690.1133666893736,1690.1133666893736,1717.1403660375056,1717.1403660375056,1411.0475040979277,1411.0475040979277,-114.84745769930871,-114.84745769930871,19.408367536776218,19.408367536776218,219.61576761764991,219.61576761764991,-96.875003226520334,-96.875003226520334,19.408367536776218,19.408367536776218,192.81455897928009,192.81455897928009,-182.86638256025631,-182.86638256025631,4.5898929485963462,4.5898929485963462,148.99403005004916,148.99403005004916,-149.68943134633452,-149.68943134633452,4.9039081969291693,4.9039081969291693,163.37764946067091,163.37764946067091
2026-02-10|2026-02-17,2026-02-10,2026-02-17,0,1.8479018142223678,1.5355086372359494,-8.2668607617982772,3.1558950657859417,1349.4683964754322,1349.4683964754322,1591.4246292765292,1591.4246292765292,1760.0467008276391,1760.0467008276391,1411.0475040979277,1411.0475040979277,-114.84745769930871,-114.84745769930871,19.408367536776218,19.408367536776218,219.61576761764991,219.61576761764991,-93.461420543355018,-93.461420543355018,19.408367536776218,19.408367536776218,187.72409446680297,187.72409446680297,-182.31840234732499,-182.31840234732499,5.0867794333591547,5.0867794333591547,148.19030949364421,148.19030949364421,-149.68943134633452,-149.68943134633452,4.9039081969291693,4.9039081969291693,163.01590400349374,163.01590400349374
2026-02-11|2026-02-18,2026-02-11,2026-02-18,0,1.8479018142223678,1.5355086372359494,1.9826843631804287,3.1558950657859417,1302.7137858481153,1302.7137858481153,1497.4660068265607,1497.4660068265607,1739.842512362248,1739.842512362248,1411.0475040979277,1411.0475040979277,-114.84745769930871,-114.84745769930871,19.408367536776218,19.408367536776218,219.61576761764991,219.61576761764991,-90.775016043565074,-90.775016043565074,19.408367536776218,19.408367536776218,183.71802575788303,183.71802575788303,-182.24589302571746,-182.24589302571746,5.2721418991757831,5.2721418991757831,147.83280920288215,147.83280920288215,-154.83746867524698,-154.83746867524698,4.9039081969291693,4.9039081969291693,163.01590400349374,163.01590400349374
2026-02-12|2026-02-19,2026-02-12,2026-02-19,0,1.8479018142223678,1.5355086372359494,-1.4372406290378721,3.1558950657859417,1328.902080642918,1328.902080642918,1436.2600914702812,1436.2600914702812,1412.1502297586596,1412.1502297586596,1411.0475040979277,1411.0475040979277,-114.84745769930871,-114.84745769930871,19.408367536776218,19.408367536776218,219.61576761764991,219.61576761764991,-88.456010496137907,-88.456010496137907,19.408367536776218,19.408367536776218,180.259836360089,180.259836360089,-182.1085429991154,-182.1085429991154,4.2564143268663299,4.2564143268663299,146.79403684677777,146.79403684677777,-149.68943134633452,-149.68943134633452,4.9039081969291693,4.9039081969291693,163.01590400349374,163.01590400349374
2026-02-13|2026-02-20,2026-02-13,2026-02-20,0,1.8479018142223678,1.5355086372359494,-0.3549180672850567,3.1558950657859417,1347.0298200630712,1347.0298200630712,1356.2124986343683,1356.2124986343683,1556.7517320316178,1556.7517320316178,1411.0475040979277,1411.0475040979277,-114.84745769930871,-114.84745769930871,19.408367536776218,19.408367536776218,219.61576761764991,219.61576761764991,-85.45518971734532,-85.45518971734532,19.408367536776218,19.408367536776218,175.78489812054326,175.78489812054326,-182.28866729562293,-182.28866729562293,4.5186439985120685,4.5186439985120685,146.85311301735317,146.85311301735317,-149.68943134633452,-149.68943134633452,4.9039081969291693,4.9039081969291693,165.42622487127304,165.42622487127304
2026-02-16|2026-02-23,2026-02-16,2026-02-23,0,1.8479018142223678,1.5355086372359494,-7.7505524806720754,3.1558950657859417,137.0147507784333,137.0147507784333,1276.9291963490766,1276.9291963490766,914.7591058491339,914.7591058491339,1411.0475040979277,1411.0475040979277,-114.84745769930871,-114.84745769930871,18.483185615247866,18.483185615247866,219.61576761764991,219.61576761764991,-82.578721196028312,-82.578721196028312,18.483185615247866,18.483185615247866,170.93757834687662,170.93757834687662,-181.94724061220865,-181.94724061220865,3.6051841932610533,3.6051841932610533,146.6498626711178,146.6498626711178,-149.68943134633452,-149.68943134633452,5.9899423424955645,5.9899423424955645,165.42622487127304,165.42622487127304
2026-02-17|2026-02-24,2026-02-17,2026-02-24,0,1.8479018142223678,1.5355086372359494,0.73447008554748816,3.1558950657859417,247.63489216213327,247.63489216213327,1236.2175515717602,1236.2175515717602,918.84698254657042,918.84698254657042,1411.0475040979277,1411.0475040979277,-114.84745769930871,-114.84745769930871,16.670941266991868,16.670941266991868,219.61576761764991,219.61576761764991,-81.369443810169145,-81.369443810169145,16.670941266991868,16.670941266991868,167.95615368760772,167.95615368760772,-176.88817225145044,-176.88817225145044,4.5566054332427504,4.5566054332427504,144.89988481962897,144.89988481962897,-149.68943134633452,-149.68943134633452,1.4224536147827906,1.4224536147827906,159.57308245046087,159.57308245046087
2026-02-18|2026-02-25,2026-02-18,2026-02-25,0,1.8479018142223678,1.5355086372359494,-6.0568958336848038,3.1558950657859417,294.17053894101508,294.17053894101508,1177.5320478177423,1177.5320478177423,954.82012604355123,954.82012604355123,1411.0475040979277,1411.0475040979277,-114.84745769930871,-114.84745769930871,16.670941266991868,16.670941266991868,219.61576761764991,219.61576761764991,-79.029922608757516,-79.029922608757516,16.670941266991868,16.670941266991868,164.34606013647027,164.34606013647027,-177.04950058911507,-177.04950058911507,4.4576316778425458,4.4576316778425458,145.05229009814423,145.05229009814423,-149.68943134633452,-149.68943134633452,5.9899423424955645,5.9899423424955645,159.57308245046087,159.57308245046087
2026-02-19|2026-02-26,2026-02-19,2026-02-26,0,1.8479018142223678,1.5355086372359494,-3.7352648669841986,3.1558950657859417,1405.2198191212142,1405.2198191212142,1468.8369540560516,1468.8369540560516,1176.847442508717,1176.847442508717,1411.0475040979277,1411.0475040979277,-114.84745769930871,-114.84745769930871,16.670941266991868,16.670941266991868,219.61576761764991,219.61576761764991,-89.643353057293865,-89.643353057293865,16.670941266991868,16.670941266991868,180.72354660446561,180.72354660446561,-181.17944008304551,-181.17944008304551,4.5617824194720216,4.5617824194720216,148.56242761673317,148.56242761673317,-149.68943134633452,-149.68943134633452,2.7187623024922298,2.7187623024922298,159.01792365501839,159.01792365501839
2026-02-20|2026-02-27,2026-02-20,2026-02-27,0,1.8479018142223678,1.5355086372359494,-3.6539384001094573,3.1558950657859417,1413.1715552904011,1413.1715552904011,1389.2202703157488,1389.2202703157488,1117.1145607333128,1117.1145607333128,1411.0475040979277,1411.0475040979277,-114.84745769930871,-114.84745769930871,15.374772136225179,15.374772136225179,219.61576761764991,219.61576761764991,-87.065599402035303,-87.065599402035303,15.374772136225179,15.374772136225179,176.04260501610861,176.04260501610861,-180.59902859299012,-180.59902859299012,4.7531926794244832,4.7531926794244832,148.62485219732156,148.62485219732156,-149.68943134633452,-149.68943134633452,2.7187623024922298,2.7187623024922298,158.73956608809505,158.73956608809505
2026-02-23|2026-03-02,2026-02-23,2026-03-02,0,1.8479018142223678,1.5355086372359494,1.6054192415359045,3.1558950657859417,1447.9509480154177,1447.9509480154177,1318.3903195470793,1318.3903195470793,1138.3190271326448,1138.3190271326448,1383.6004584088289,1383.6004584088289,-114.84745769930871,-114.84745769930871,14.632660628212113,14.632660628212113,219.61576761764991,219.61576761764991,-84.583010848864916,-84.583010848864916,14.632660628212113,14.632660628212113,171.70338981901079,171.70338981901079,-174.6636690797267,-174.6636690797267,5.2502454442096704,5.2502454442096704,148.45396901370904,148.45396901370904,-149.68943134633452,-149.68943134633452,2.7187623024922298,2.7187623024922298,155.57406207752982,155.57406207752982
2026-02-24|2026-03-03,2026-02-24,2026-03-03,0,1.8479018142223678,1.5355086372359494,-1.5435495744885777,3.1558950657859417,1335.3279243031234,1335.3279243031234,1241.4041002641943,1241.4041002641943,1071.6650370324692,1071.6650370324692,1383.6004584088289,1383.6004584088289,-114.84745769930871,-114.84745769930871,13.431650718221944,13.431650718221944,219.61576761764991,219.61576761764991,-81.955320776255192,-81.955320776255192,13.431650718221944,13.431650718221944,166.74795236638604,166.74795236638604,-169.08761549855052,-169.08761549855052,4.5522817762954162,4.5522817762954162,148.42699713903397,148.42699713903397,-149.68943134633452,-149.68943134633452,4.9039081969291693,4.9039081969291693,150.76500266931305,150.76500266931305
2026-02-25|2026-03-04,2026-02-25,2026-03-04,0,1.8479018142223678,1.5355086372359494,-1.6119182258138869,3.1558950657859417,1290.7684847544674,1290.7684847544674,1169.0395717240335,1169.0395717240335,1045.5316083929774,1045.5316083929774,1383.6004584088289,1383.6004584088289,-114.84745769930871,-114.84745769930871,13.431650718221944,13.431650718221944,219.61576761764991,219.61576761764991,-79.456830948230262,-79.456830948230262,13.431650718221944,13.431650718221944,162.73210812542996,162.73210812542996,-167.73908934075249,-167.73908934075249,4.3502095305767208,4.3502095305767208,148.26776685021335,148.26776685021335,-149.68943134633452,-149.68943134633452,4.9039081969291693,4.9039081969291693,153.93050667987828,153.93050667987828
2026-02-26|2026-03-05,2026-02-26,2026-03-05,0,1.8479018142223678,1.5355086372359494,-7.7075261484514943,3.1558950657859417,213.87020412078471,213.87020412078471,1137.7845423378603,1137.7845423378603,669.07430774757813,669.07430774757813,1383.6004584088289,1383.6004584088289,-114.84745769930871,-114.84745769930871,14.632660628212113,14.632660628212113,219.61576761764991,219.61576761764991,-78.032215136502757,-78.032215136502757,14.632660628212113,14.632660628212113,161.33266668624029,161.33266668624029,-168.37631944962357,-168.37631944962357,4.3525369589015757,4.3525369589015757,145.62836124705677,145.62836124705677,-149.68943134633452,-149.68943134633452,7.0340133373683029,7.0340133373683029,150.76500266931305,150.76500266931305
2026-02-27|2026-03-06,2026-02-27,2026-03-06,0,1.8479018142223678,1.5355086372359494,-4.0513566421844054,3.1558950657859417,197.09878843071044,197.09878843071044,1072.9995785936267,1072.9995785936267,916.1257598290822,916.1257598290822,1383.6004584088289,1383.6004584088289,-114.84745769930871,-114.84745769930871,14.632660628212113,14.632660628212113,219.61576761764991,219.61576761764991,-75.978325173910179,-75.978325173910179,14.632660628212113,14.632660628212113,158.08110381014149,158.08110381014149,-167.00122115836319,-167.00122115836319,4.6648939869123645,4.6648939869123645,145.20063501225576,145.20063501225576,-149.68943134633452,-149.68943134633452,1.4224536147827906,1.4224536147827906,150.76500266931305,150.76500266931305
2026-03-02|2026-03-09,2026-03-02,2026-03-09,0,1.8479018142223678,1.5355086372359494,1.7095742003152328,3.1558950657859417,1798.4605198487782,1798.4605198487782,1501.5513887537052,1501.5513887537052,1085.2396025822641,1085.2396025822641,1383.6004584088289,1383.6004584088289,-114.84745769930871,-114.84745769930871,13.431650718221944,13.431650718221944,219.61576761764991,219.61576761764991,-93.602647840809297,-93.602647840809297,13.431650718221944,13.431650718221944,185.4688015730033,185.4688015730033,-170.14304669736597,-170.14304669736597,4.0595176407924631,4.0595176407924631,149.03470733406712,149.03470733406712,-149.68943134633452,-149.68943134633452,2.7187623024922298,2.7187623024922298,150.76500266931305,150.76500266931305
2026-03-03|2026-03-10,2026-03-03,2026-03-10,0,1.8479018142223678,1.5355086372359494,8.3101621906588274,3.1558950657859417,3028.4394082791423,3028.4394082791423,1782.5691718475321,1782.5691718475321,1169.6295020182943,1169.6295020182943,1383.6004584088289,1383.6004584088289,-120.48248773107478,-120.48248773107478,12.868441518801843,12.868441518801843,214.95834244462418,214.95834244462418,-108.68936137286582,-108.68936137286582,12.868441518801843,12.868441518801843,197.08616299493835,197.08616299493835,-174.45759278267013,-174.45759278267013,3.9618717217219803,3.9618717217219803,152.668092983256,152.668092983256,-149.68943134633452,-149.68943134633452,4.1534893869822369,4.1534893869822369,159.01792365501839,159.01792365501839
2026-03-04|2026-03-11,2026-03-04,2026-03-11,0,1.8479018142223678,1.5355086372359494,4.5328585451240029,3.1558950657859417,3295.9112464388431,3295.9112464388431,1757.9762904602812,1757.9762904602812,1612.4408298700769,1612.4408298700769,1383.6004584088289,1383.6004584088289,-120.48248773107478,-120.48248773107478,12.763258704461267,12.763258704461267,206.38508153292918,206.38508153292918,-108.06143030200917,-108.06143030200917,12.763258704461267,12.763258704461267,188.33581658294975,188.33581658294975,-175.63515356129304,-175.63515356129304,4.0143142677042016,4.0143142677042016,153.27258056046492,153.27258056046492,-149.68943134633452,-149.68943134633452,2.7187623024922298,2.7187623024922298,155.57406207752982,155.57406207752982
2026-03-05|2026-03-12,2026-03-05,2026-03-12,0,1.8479018142223678,1.5355086372359494,-0.46231964330490749,3.1558950657859417,3307.9235590172539,3307.9235590172539,1694.9887517234563,1694.9887517234563,1567.961251129733,1567.961251129733,1383.6004584088289,1383.6004584088289,-122.60263147473771,-122.60263147473771,12.010299867621921,12.010299867621921,194.06586415363657,194.06586415363657,-107.78229082410749,-107.78229082410749,12.010299867621921,12.010299867621921,174.02228102120088,174.02228102120088,-176.04281769167878,-176.04281769167878,5.4629974669129924,5.4629974669129924,153.6256600776658,153.6256600776658,-149.68943134633452,-149.68943134633452,2.7187623024922298,2.7187623024922298,155.57406207752982,155.57406207752982
2026-03-06|2026-03-13,2026-03-06,2026-03-13,0,1.8479018142223678,1.5355086372359494,-1.5575237634263659,3.1558950657859417,3777.7285863827883,3777.7285863827883,1737.7130436257471,1737.7130436257471,1397.8536030883899,1397.8536030883899,1383.6004584088289,1383.6004584088289,-125.89913406184705,-125.89913406184705,11.18444320865386,11.18444320865386,183.82275808987114,183.82275808987114,-112.49641696893164,-112.49641696893164,11.18444320865386,11.18444320865386,166.94383984290391,166.94383984290391,-178.05863458555837,-178.05863458555837,4.2161291722422609,4.2161291722422609,154.85132828304441,154.85132828304441,-149.68943134633452,-149.68943134633452,3.2794690929655981,3.2794690929655981,155.85241964445316,155.85241964445316
2026-03-09|2026-03-16,2026-03-09,2026-03-16,0,1.8479018142223678,1.5355086372359494,-5.9104385933204426,3.1558950657859417,2140.0095712858238,2140.0095712858238,1635.0663413548086,1635.0663413548086,1387.2056874903656,1387.2056874903656,1472.6150491631674,1472.6150491631674,-125.89913406184705,-125.89913406184705,10.600802998584902,10.600802998584902,182.01501134624007,182.01501134624007,-108.92084702827432,-108.92084702827432,10.600802998584902,10.600802998584902,160.69397857777324,160.69397857777324,-173.25402822549589,-173.25402822549589,4.4049227195553344,4.4049227195553344,154.73940689718748,154.73940689718748,-149.68943134633452,-149.68943134633452,2.7187623024922298,2.7187623024922298,153.93050667987828,153.93050667987828
2026-03-10|2026-03-17,2026-03-10,2026-03-17,0,1.8479018142223678,1.5355086372359494,-12.729720706115682,3.1558950657859417,2010.8387485870437,2010.8387485870437,1869.3219804829355,1869.3219804829355,1623.5040172671434,1623.5040172671434,1383.6004584088289,1383.6004584088289,-125.89913406184705,-125.89913406184705,10.600802998584902,10.600802998584902,182.01501134624007,182.01501134624007,-116.85368258529574,-116.85368258529574,10.600802998584902,10.600802998584902,170.65589325878102,170.65589325878102,-177.76005077287473,-177.76005077287473,4.7764771465312643,4.7764771465312643,155.17024748151621,155.17024748151621,-149.68943134633452,-149.68943134633452,4.9039081969291693,4.9039081969291693,155.57406207752982,155.57406207752982
2026-03-11|2026-03-18,2026-03-11,2026-03-18,0,1.8479018142223678,1.5355086372359494,-10.564868934771482,3.1558950657859417,2267.6159909252879,2267.6159909252879,1916.5571032790338,1916.5571032790338,1372.5946874322308,1372.5946874322308,1383.6004584088289,1383.6004584088289,-125.89913406184705,-125.89913406184705,9.29828474346861,9.29828474346861,182.01501134624007,182.01501134624007,-118.56181828330963,-118.56181828330963,9.29828474346861,9.29828474346861,172.6414805901187,172.6414805901187,-179.78632666855881,-179.78632666855881,4.571470674453824,4.571470674453824,156.51428623039237,156.51428623039237,-149.68943134633452,-149.68943134633452,4.9039081969291693,4.9039081969291693,155.85241964445316,155.85241964445316
2026-03-12|2026-03-19,2026-03-12,2026-03-19,0,1.8479018142223678,1.5355086372359494,-5.3638401251334233,3.1558950657859417,2298.3627001831182,2298.3627001831182,1853.2787285504328,1853.2787285504328,1253.2278069373388,1253.2278069373388,1472.6150491631674,1472.6150491631674,-125.89913406184705,-125.89913406184705,8.1099115482829998,8.1099115482829998,182.01501134624007,182.01501134624007,-116.43623772516173,-116.43623772516173,8.1099115482829998,8.1099115482829998,169.73490052001549,169.73490052001549,-180.07430435467271,-180.07430435467271,4.5385388670538607,4.5385388670538607,156.79021024956347,156.79021024956347,-154.83746867524698,-154.83746867524698,2.7187623024922298,2.7187623024922298,157.980979333519,157.980979333519
2026-03-13|2026-03-20,2026-03-13,2026-03-20,0,1.8479018142223678,1.5355086372359494,-1.2828540696441046,3.1558950657859417,2573.1013486080142,2573.1013486080142,1968.9272163705737,1968.9272163705737,1236.4280029214315,1236.4280029214315,1808.9610354119577,1808.9610354119577,-125.89913406184705,-125.89913406184705,8.1099115482829998,8.1099115482829998,182.01501134624007,182.01501134624007,-119.83916544343155,-119.83916544343155,8.1099115482829998,8.1099115482829998,174.15091946677092,174.15091946677092,-182.69643345064185,-182.69643345064185,5.1219883009530971,5.1219883009530971,158.61295775876147,158.61295775876147,-149.68943134633452,-149.68943134633452,2.7187623024922298,2.7187623024922298,167.02446980736394,167.02446980736394
2026-03-16|2026-03-23,2026-03-16,2026-03-23,0,1.8479018142223678,1.5355086372359494,2.8289368473932464,3.1558950657859417,2568.3218618414635,2568.3218618414635,1850.9738177049805,1850.9738177049805,1224.2742385886731,1224.2742385886731,1808.9610354119577,1808.9610354119577,-125.89913406184705,-125.89913406184705,7.2769569185160421,7.2769569185160421,182.01501134624007,182.01501134624007,-116.05086153318882,-116.05086153318882,7.2769569185160421,7.2769569185160421,169.09326264147083,169.09326264147083,-182.66772556821547,-182.66772556821547,5.41763183511992,5.41763183511992,157.50415255893748,157.50415255893748,-149.68943134633452,-149.68943134633452,2.7187623024922298,2.7187623024922298,166.7461122404406,166.7461122404406
2026-03-17|2026-03-24,2026-03-17,2026-03-24,0,1.8479018142223678,1.5355086372359494,-1.8916512277463515,3.1558950657859417,1886.8879788644388,1886.8879788644388,1867.8448433589892,1867.8448433589892,1249.468194901468,1249.468194901468,1719.9464446576192,1719.9464446576192,-125.89913406184705,-125.89913406184705,7.2769569185160421,7.2769569185160421,182.01501134624007,182.01501134624007,-116.76192380429271,-116.76192380429271,7.2769569185160421,7.2769569185160421,170.02623519619141,170.02623519619141,-183.99811912957861,-183.99811912957861,6.0837530366088579,6.0837530366088579,158.56756932449386,158.56756932449386,-150.42619047966656,-150.42619047966656,2.7187623024922298,2.7187623024922298,164.89930676473395,164.89930676473395
2026-03-18|2026-03-25,2026-03-18,2026-03-25,0,1.8479018142223678,1.5355086372359494,-1.4797081959343905,3.1558950657859417,1500.1236204667848,1500.1236204667848,1799.1392868632281,1799.1392868632281,1147.3059670493672,1147.3059670493672,1808.9610354119577,1808.9610354119577,-125.89913406184705,-125.89913406184705,7.2769569185160421,7.2769569185160421,182.01501134624007,182.01501134624007,-114.3817067440132,-114.3817067440132,7.2769569185160421,7.2769569185160421,166.90319340117247,166.90319340117247,-184.31865856048057,-184.31865856048057,6.3350043788302584,6.3350043788302584,158.88934387947825,158.88934387947825,-150.42619047966656,-150.42619047966656,2.7187623024922298,2.7187623024922298,166.7461122404406,166.7461122404406
2026-03-19|2026-03-26,2026-03-19,2026-03-26,0,1.8479018142223678,1.5355086372359494,9.9037832660853358,3.1558950657859417,1346.0387923215583,1346.0387923215583,1696.6805326760075,1696.6805326760075,1030.7077247723705,1030.7077247723705,1719.9464446576192,1719.9464446576192,-125.89913406184705,-125.89913406184705,7.2769569185160421,7.2769569185160421,182.01501134624007,182.01501134624007,-110.85766315322783,-110.85766315322783,7.2769569185160421,7.2769569185160421,162.27935652295142,162.27935652295142,-180.66360730720675,-180.66360730720675,6.5896781464333296,6.5896781464333296,158.50490526194884,158.50490526194884,-149.68943134633452,-149.68943134633452,4.9039081969291693,4.9039081969291693,164.89930676473395,164.89930676473395
2026-03-20|2026-03-27,2026-03-20,2026-03-27,0,1.8479018142223678,1.5355086372359494,-1.4868910104946136,3.1558950657859417,1249.9024825249583,1249.9024825249583,1792.8840193096339,1792.8840193096339,1265.9018704551177,1265.9018704551177,1719.9464446576192,1719.9464446576192,-125.89913406184705,-125.89913406184705,8.1099115482829998,8.1099115482829998,182.01501134624007,182.01501134624007,-113.71795170334752,-113.71795170334752,8.1099115482829998,8.1099115482829998,166.20734907935918,166.20734907935918,-183.20191651926288,-183.20191651926288,6.2904399281620886,6.2904399281620886,159.58026227170998,159.58026227170998,-149.68943134633452,-149.68943134633452,4.9039081969291693,4.9039081969291693,164.89930676473395,164.89930676473395
2026-03-23|2026-03-30,2026-03-23,2026-03-30,0,1.8479018142223678,1.5355086372359494,-1.6420718376217827,3.1558950657859417,1501.0962429168437,1501.0962429168437,1760.851340585263,1760.851340585263,1383.4637468458286,1383.4637468458286,1719.9464446576192,1719.9464446576192,-125.89913406184705,-125.89913406184705,9.794366081204986,9.794366081204986,182.01501134624007,182.01501134624007,-112.44772543216699,-112.44772543216699,9.794366081204986,9.794366081204986,164.94263668212628,164.94263668212628,-184.16394248903481,-184.16394248903481,6.4231451770997499,6.4231451770997499,160.25840371912005,160.25840371912005,-149.68943134633452,-149.68943134633452,4.9039081969291693,4.9039081969291693,164.89930676473395,164.89930676473395
2026-03-24|2026-03-31,2026-03-24,2026-03-31,0,1.8479018142223678,1.5355086372359494,1.2370301219911402,3.1558950657859417,1160.3361669912226,1160.3361669912226,1680.9016920887682,1680.9016920887682,1179.9734316584031,1179.9734316584031,1719.9464446576192,1719.9464446576192,-125.89913406184705,-125.89913406184705,11.18444320865386,11.18444320865386,182.01501134624007,182.01501134624007,-109.42740720138869,-109.42740720138869,11.18444320865386,11.18444320865386,161.48830410816777,161.48830410816777,-184.39770135673629,-184.39770135673629,6.5233106467395761,6.5233106467395761,160.2776949270349,160.2776949270349,-155.57422780857902,-155.57422780857902,4.9039081969291693,4.9039081969291693,164.89930676473395,164.89930676473395
2026-03-25|2026-04-01,2026-03-25,2026-04-01,0,1.8479018142223678,1.5355086372359494,2.2472483177414335,3.1558950657859417,1075.5268092599238,1075.5268092599238,1597.9699173498311,1597.9699173498311,1146.0675048982043,1146.0675048982043,1719.9464446576192,1719.9464446576192,-125.89913406184705,-125.89913406184705,12.010299867621921,12.010299867621921,182.01501134624007,182.01501134624007,-106.27813094615999,-106.27813094615999,12.010299867621921,12.010299867621921,157.82766695245911,157.82766695245911,-184.57876390099415,-184.57876390099415,6.7188024431034528,6.7188024431034528,160.3910784689393,160.3910784689393,-150.42619047966656,-150.42619047966656,4.9039081969291693,4.9039081969291693,164.89930676473395,164.89930676473395
2026-03-26|2026-04-02,2026-03-26,2026-04-02,0,1.8479018142223678,1.5355086372359494,-2.744328268833693,3.1558950657859417,1475.3135211161525,1475.3135211161525,1627.5173388902826,1627.5173388902826,1210.4669757464599,1210.4669757464599,1719.9464446576192,1719.9464446576192,-125.89913406184705,-125.89913406184705,12.763258704461267,12.763258704461267,182.01501134624007,182.01501134624007,-107.06731432277689,-107.06731432277689,12.763258704461267,12.763258704461267,159.02883295507854,159.02883295507854,-185.59026088604173,-185.59026088604173,6.6619951262596944,6.6619951262596944,161.4880152641841,161.4880152641841,-150.42619047966656,-150.42619047966656,4.9039081969291693,4.9039081969291693,165.1776643316573,165.1776643316573
2026-03-27|2026-04-07,2026-03-27,2026-04-07,0,1.8479018142223678,1.5355086372359494,3.5892522558880651,3.1558950657859417,887.99989579422095,887.99989579422095,1551.6765295544731,1551.6765295544731,869.64745949101825,869.64745949101825,1775.8082481995104,1775.8082481995104,-125.89913406184705,-125.89913406184705,12.763258704461267,12.763258704461267,182.01501134624007,182.01501134624007,-104.26969249472565,-104.26969249472565,12.763258704461267,12.763258704461267,155.61404695448948,155.61404695448948,-185.63528939086905,-185.63528939086905,7.5454943643242327,7.5454943643242327,161.29324388882713,161.29324388882713,-150.42619047966656,-150.42619047966656,4.9039081969291693,4.9039081969291693,164.89930676473395,164.89930676473395
2026-03-30|2026-04-08,2026-03-30,2026-04-08,0,1.8479018142223678,1.5355086372359494,9.3137980191728698,3.1558950657859417,800.40095202940904,800.40095202940904,1507.8366170859683,1507.8366170859683,877.24924800939198,877.24924800939198,1719.9464446576192,1719.9464446576192,-125.89913406184705,-125.89913406184705,12.010299867621921,12.010299867621921,182.01501134624007,182.01501134624007,-102.66551209023955,-102.66551209023955,12.010299867621921,12.010299867621921,153.37429339574456,153.37429339574456,-180.08727942062677,-180.08727942062677,7.9413616069290676,7.9413616069290676,160.49107859160915,160.49107859160915,-149.68943134633452,-149.68943134633452,2.7187623024922298,2.7187623024922298,164.89930676473395,164.89930676473395
2026-03-31|2026-04-09,2026-03-31,2026-04-09,0,1.8479018142223678,1.5355086372359494,11.384143911062692,3.1558950657859417,744.45299527784448,744.45299527784448,1426.2834649739618,1426.2834649739618,964.16668699722595,964.16668699722595,1719.9464446576192,1719.9464446576192,-125.89913406184705,-125.89913406184705,11.18444320865386,11.18444320865386,175.50585563366494,175.50585563366494,-107.98268305618188,-107.98268305618188,11.18444320865386,11.18444320865386,154.02949359589121,154.02949359589121,-175.11490897189444,-175.11490897189444,8.0392991186263743,8.0392991186263743,159.85908925637401,159.85908925637401,-149.68943134633452,-149.68943134633452,2.7187623024922298,2.7187623024922298,164.89930676473395,164.89930676473395
2026-04-01|2026-04-10,2026-04-01,2026-04-10,0,1.8479018142223678,1.5355086372359494,11.192614196516262,3.1558950657859417,2416.7320647742358,2416.7320647742358,1860.3125047108306,1860.3125047108306,1847.4058221398952,1847.4058221398952,1821.311445037207,1821.311445037207,-125.89913406184705,-125.89913406184705,11.155757558084511,11.155757558084511,173.36439772458775,173.36439772458775,-123.87128596343321,-123.87128596343321,11.155757558084511,11.155757558084511,170.96437771348073,170.96437771348073,-180.84666281206432,-180.84666281206432,8.1238604242232597,8.1238604242232597,164.22361736817092,164.22361736817092,-149.68943134633452,-149.68943134633452,4.9039081969291693,4.9039081969291693,164.89930676473395,164.89930676473395
2026-04-02|2026-04-13,2026-04-02,2026-04-13,0,1.8479018142223678,1.5355086372359494,15.111938928576921,3.1558950657859417,2949.0756779164058,2949.0756779164058,2033.8224549522738,2033.8224549522738,1711.4360437954563,1711.4360437954563,1899.8726572308897,1899.8726572308897,-125.89913406184705,-125.89913406184705,9.794366081204986,9.794366081204986,173.36439772458775,173.36439772458775,-130.2587122791746,-130.2587122791746,9.794366081204986,9.794366081204986,178.61959672975973,178.61959672975973,-183.92811976491254,-183.92811976491254,8.363581663913445,8.363581663913445,166.56488229868467,166.56488229868467,-153.97103301980852,-153.97103301980852,4.9039081969291693,4.9039081969291693,165.1776643316573,165.1776643316573
2026-04-07|2026-04-14,2026-04-07,2026-04-14,0,1.8479018142223678,1.5355086372359494,16.998178535218383,3.1558950657859417,3030.5620235505789,3030.5620235505789,1958.0492423429966,1958.0492423429966,1722.5182565530472,1722.5182565530472,1899.8726572308897,1899.8726572308897,-125.89913406184705,-125.89913406184705,9.794366081204986,9.794366081204986,173.36439772458775,173.36439772458775,-127.54927907686785,-127.54927907686785,9.794366081204986,9.794366081204986,175.35354438259694,175.35354438259694,-182.86542156086904,-182.86542156086904,8.3796114328188391,8.3796114328188391,166.55734049915833,166.55734049915833,-158.38231121538894,-158.38231121538894,4.9039081969291693,4.9039081969291693,164.89930676473395,164.89930676473395
2026-04-08|2026-04-15,2026-04-08,2026-04-15,0,1.8479018142223678,1.5355086372359494,1.6389750441108122,3.1558950657859417,6190.7523517132286,6190.7523517132286,2837.8840655559761,2837.8840655559761,2635.9905325687159,2635.9905325687159,2421.0410264145626,2421.0410264145626,-125.89913406184705,-125.89913406184705,9.794366081204986,9.794366081204986,173.36439772458775,173.36439772458775,-154.01241041674649,-154.01241041674649,9.794366081204986,9.794366081204986,207.25319488968563,207.25319488968563,-193.80935940980623,-193.80935940980623,7.169396554196994,7.169396554196994,173.67796820915379,173.67796820915379,-206.96156718778022,-206.96156718778022,5.4646149874025385,5.4646149874025385,169.97412533264315,169.97412533264315
2026-04-09|2026-04-16,2026-04-09,2026-04-16,0,1.8479018142223678,1.5355086372359494,6.2372347304644471,3.1558950657859417,6225.3941312888519,6225.3941312888519,2686.9206004084567,2686.9206004084567,2499.2597287501681,2499.2597287501681,2351.847557959818,2351.847557959818,-125.89913406184705,-125.89913406184705,11.155757558084511,11.155757558084511,173.36439772458775,173.36439772458775,-149.96515051694425,-149.96515051694425,11.155757558084511,11.155757558084511,201.8472614681996,201.8472614681996,-190.4430650901061,-190.4430650901061,7.2573379625471794,7.2573379625471794,173.3456534786994,173.3456534786994,-206.96156718778022,-206.96156718778022,5.4646149874025385,5.4646149874025385,174.41294540589314,174.41294540589314
2026-04-10|2026-04-17,2026-04-10,2026-04-17,0,1.8479018142223678,1.5355086372359494,7.3839994324581273,3.1558950657859417,4592.3931371438211,4592.3931371438211,2555.4111137757459,2555.4111137757459,2155.4263393903484,2155.4263393903484,2324.4559155990623,2324.4559155990623,-125.89913406184705,-125.89913406184705,11.155757558084511,11.155757558084511,171.71223395747026,171.71223395747026,-155.85313359807228,-155.85313359807228,11.155757558084511,11.155757558084511,206.80261681620033,206.80261681620033,-189.00468838153432,-189.00468838153432,7.0415586944634097,7.0415586944634097,173.47786557605775,173.47786557605775,-183.45296113023633,-183.45296113023633,5.4646149874025385,5.4646149874025385,165.73282312709978,165.73282312709978
2026-04-13|2026-04-20,2026-04-13,2026-04-20,0,1.8479018142223678,1.5355086372359494,2.2973284986419888,3.1558950657859417,3748.2730201195859,3748.2730201195859,2433.9791123660239,2433.9791123660239,1922.9641980377819,1922.9641980377819,2324.4559155990623,2324.4559155990623,-125.89913406184705,-125.89913406184705,11.155757558084511,11.155757558084511,167.39668037834369,167.39668037834369,-151.87715589757144,-151.87715589757144,11.155757558084511,11.155757558084511,197.01131183501585,197.01131183501585,-188.78005197034355,-188.78005197034355,6.8097932692079288,6.8097932692079288,173.42241836794744,173.42241836794744,-183.45296113023633,-183.45296113023633,5.4646149874025385,5.4646149874025385,165.73282312709978,165.73282312709978
2026-04-14|2026-04-21,2026-04-14,2026-04-21,0,1.8479018142223678,1.5355086372359494,-1.316877422621245,3.1558950657859417,5334.6895747365852,5334.6895747365852,2810.1214666970213,2810.1214666970213,2661.1055204112636,2661.1055204112636,2421.0410264145626,2421.0410264145626,-125.89913406184705,-125.89913406184705,11.155757558084511,11.155757558084511,167.39668037834369,167.39668037834369,-162.7168527108081,-162.7168527108081,11.155757558084511,11.155757558084511,209.36843541648182,209.36843541648182,-192.32253685433787,-192.32253685433787,6.8065631820387296,6.8065631820387296,177.39031971737461,177.39031971737461,-189.74442708177943,-189.74442708177943,5.4646149874025385,5.4646149874025385,173.31783589862692,173.31783589862692
2026-04-15|2026-04-22,2026-04-15,2026-04-22,0,1.8479018142223678,1.5355086372359494,-3.8848904286840154,3.1558950657859417,2034.6004420113316,2034.6004420113316,2648.8052166311827,2648.8052166311827,2012.9440842645813,2012.9440842645813,2324.4559155990623,2324.4559155990623,-125.89913406184705,-125.89913406184705,11.155757558084511,11.155757558084511,163.31052156024626,163.31052156024626,-157.77305906462254,-157.77305906462254,11.155757558084511,11.155757558084511,198.6961212954885,198.6961212954885,-192.41356729526396,-192.41356729526396,7.4475888542677557,7.4475888542677557,177.15388531885526,177.15388531885526,-189.74442708177943,-189.74442708177943,4.9039081969291693,4.9039081969291693,173.31783589862692,173.31783589862692
2026-04-16|2026-04-23,2026-04-16,2026-04-23,0,1.8479018142223678,1.5355086372359494,-0.47508483286907177,3.1558950657859417,1970.8116795172589,1970.8116795172589,2490.0498536709288,2490.0498536709288,1876.8377403801203,1876.8377403801203,2324.4559155990623,2324.4559155990623,-125.89913406184705,-125.89913406184705,11.155757558084511,11.155757558084511,157.26125899762965,157.26125899762965,-152.63557175695118,-152.63557175695118,11.155757558084511,11.155757558084511,185.7632744308552,185.7632744308552,-190.83046877064567,-190.83046877064567,7.275181962782244,7.275181962782244,174.05227175193698,174.05227175193698,-188.24223833467698,-188.24223833467698,4.9039081969291693,4.9039081969291693,172.34944676017912,172.34944676017912
2026-04-17|2026-04-24,2026-04-17,2026-04-24,0,1.8479018142223678,1.5355086372359494,0.087691460957804779,3.1558950657859417,1904.2096384843715,1904.2096384843715,2350.3719995326032,2350.3719995326032,1868.3314585290368,1868.3314585290368,2324.4559155990623,2324.4559155990623,-125.89913406184705,-125.89913406184705,11.155757558084511,11.155757558084511,157.26125899762965,157.26125899762965,-149.86754562618654,-149.86754562618654,11.155757558084511,11.155757558084511,182.81245785617472,182.81245785617472,-190.4553020648876,-190.4553020648876,7.3230396010982153,7.3230396010982153,174.07960871518986,174.07960871518986,-188.24223833467698,-188.24223833467698,4.9039081969291693,4.9039081969291693,172.34944676017912,172.34944676017912
2026-04-20|2026-04-27,2026-04-20,2026-04-27,0,1.8479018142223678,1.5355086372359494,-0.37782482014960506,3.1558950657859417,1994.6396746532564,1994.6396746532564,2268.3713558281347,2268.3713558281347,1918.6738817555799,1918.6738817555799,2324.4559155990623,2324.4559155990623,-125.89913406184705,-125.89913406184705,11.155757558084511,11.155757558084511,157.26125899762965,157.26125899762965,-147.37426769874165,-147.37426769874165,11.155757558084511,11.155757558084511,180.15453286340846,180.15453286340846,-190.8362538322304,-190.8362538322304,7.1341712879689858,7.1341712879689858,174.17517669179648,174.17517669179648,-189.74442708177943,-189.74442708177943,4.9039081969291693,4.9039081969291693,175.72898802657087,175.72898802657087
2026-04-21|2026-04-28,2026-04-21,2026-04-28,0,1.8479018142223678,1.5355086372359494,-2.5427340147848381,3.1558950657859417,261.12217221051799,261.12217221051799,2134.3949248185841,2134.3949248185841,1388.8605847604706,1388.8605847604706,2367.1208296296536,2367.1208296296536,-125.89913406184705,-125.89913406184705,9.794366081204986,9.794366081204986,157.26125899762965,157.26125899762965,-142.65736834343801,-142.65736834343801,9.794366081204986,9.794366081204986,175.47351483646077,175.47351483646077,-188.55860057380283,-188.55860057380283,7.3549623101581867,7.3549623101581867,173.53320235219368,173.53320235219368,-188.06380983820327,-188.06380983820327,-7.8659460472105538,-7.8659460472105538,175.72898802657087,175.72898802657087
2026-04-22|2026-04-29,2026-04-22,2026-04-29,0,1.8479018142223678,1.5355086372359494,-4.2108804839894809,3.1558950657859417,403.79558509427375,403.79558509427375,2056.4242911305782,2056.4242911305782,1290.6392517821,1290.6392517821,2324.4559155990623,2324.4559155990623,-125.89913406184705,-125.89913406184705,9.794366081204986,9.794366081204986,157.26125899762965,157.26125899762965,-139.74936981846673,-139.74936981846673,9.794366081204986,9.794366081204986,172.31320497172172,172.31320497172172,-187.99344078544542,-187.99344078544542,7.0365993185613291,7.0365993185613291,171.01231615443223,171.01231615443223,-175.55663937409167,-175.55663937409167,-4.3844914650641753,-4.3844914650641753,165.73282312709978,165.73282312709978
2026-04-23|2026-04-30,2026-04-23,2026-04-30,0,1.8479018142223678,1.5355086372359494,-6.4481913417198715,3.1558950657859417,624.19302959112144,624.19302959112144,1999.3310170494144,1999.3310170494144,1203.6703947578803,1203.6703947578803,2209.4060026358425,2209.4060026358425,-125.89913406184705,-125.89913406184705,9.794366081204986,9.794366081204986,157.26125899762965,157.26125899762965,-137.46842667841005,-137.46842667841005,9.794366081204986,9.794366081204986,169.83435670390796,169.83435670390796,-188.28538052831232,-188.28538052831232,6.0316469752022854,6.0316469752022854,168.67684195141223,168.67684195141223,-180.79567652454421,-180.79567652454421,-5.4219021548251778,-5.4219021548251778,165.73282312709978,165.73282312709978
2026-04-24|2026-05-04,2026-04-24,2026-05-04,0,1.8479018142223678,1.5355086372359494,-6.0627210164766723,3.1558950657859417,639.16177251818453,639.16177251818453,1893.5869159864988,1893.5869159864988,1254.5363444576265,1254.5363444576265,2209.4060026358425,2209.4060026358425,-125.89913406184705,-125.89913406184705,9.794366081204986,9.794366081204986,157.26125899762965,157.26125899762965,-133.51070884813669,-133.51070884813669,9.794366081204986,9.794366081204986,165.53324905427797,165.53324905427797,-188.39941254054645,-188.39941254054645,5.9027383358781105,5.9027383358781105,168.11576060650589,168.11576060650589,-180.79567652454421,-180.79567652454421,-5.4219021548251778,-5.4219021548251778,165.73282312709978,165.73282312709978
2026-04-27|2026-05-05,2026-04-27,2026-05-05,0,1.8479018142223678,1.5355086372359494,-6.3411907704204289,3.1558950657859417,642.02780586525807,642.02780586525807,1839.8531872989186,1839.8531872989186,1250.555403807899,1250.555403807899,2209.4060026358425,2209.4060026358425,-125.89913406184705,-125.89913406184705,9.794366081204986,9.794366081204986,157.26125899762965,157.26125899762965,-131.29834607260474,-131.29834607260474,9.794366081204986,9.794366081204986,163.12893149914299,163.12893149914299,-187.70375907882874,-187.70375907882874,5.5602040151976322,5.5602040151976322,168.57864829316469,168.57864829316469,-178.65045922410673,-178.65045922410673,-4.3844914650641753,-4.3844914650641753,175.72898802657087,175.72898802657087
2026-04-28|2026-05-06,2026-04-28,2026-05-06,0,1.8479018142223678,1.5355086372359494,2.3907341748559552,3.1558950657859417,1324.7466881607863,1324.7466881607863,1936.4035110897798,1936.4035110897798,1172.0505119079753,1172.0505119079753,2209.4060026358425,2209.4060026358425,-125.89913406184705,-125.89913406184705,9.794366081204986,9.794366081204986,157.26125899762965,157.26125899762965,-134.49065922374581,-134.49065922374581,9.794366081204986,9.794366081204986,166.598224435936,166.598224435936,-189.78291510622935,-189.78291510622935,5.8773776874572583,5.8773776874572583,169.50555109834423,169.50555109834423,-175.73506787056539,-175.73506787056539,1.545266405281994,1.545266405281994,175.695105410721,175.695105410721
2026-04-29|2026-05-07,2026-04-29,2026-05-07,0,1.8479018142223678,1.5355086372359494,1.4948887164647453,3.1558950657859417,1256.8737749574909,1256.8737749574909,1849.9504882645135,1849.9504882645135,1190.8373912696952,1190.8373912696952,2209.4060026358425,2209.4060026358425,-125.89913406184705,-125.89913406184705,9.794366081204986,9.794366081204986,157.26125899762965,157.26125899762965,-131.15210693465758,-131.15210693465758,9.794366081204986,9.794366081204986,162.97000398033694,162.97000398033694,-189.54055249976165,-189.54055249976165,5.9763648579099478,5.9763648579099478,167.64788289241315,167.64788289241315,-175.73506787056539,-175.73506787056539,-11.266476902768028,-11.266476902768028,175.72898802657087,175.72898802657087
2026-04-30|2026-05-08,2026-04-30,2026-05-08,0,1.8479018142223678,1.5355086372359494,1.7076584610563588,3.1558950657859417,1038.2350779586382,1038.2350779586382,1739.6540332556579,1739.6540332556579,1623.7856917817533,1623.7856917817533,2236.853048324941,2236.853048324941,-125.89913406184705,-125.89913406184705,9.794366081204986,9.794366081204986,157.26125899762965,157.26125899762965,-126.92383113807252,-126.92383113807252,9.794366081204986,9.794366081204986,158.37486350965278,158.37486350965278,-190.13995825039009,-190.13995825039009,6.4597667523526301,6.4597667523526301,167.10651047810984,167.10651047810984,-175.73506787056539,-175.73506787056539,4.9039081969291693,4.9039081969291693,193.66515004721811,193.66515004721811
2026-05-04|2026-05-11,2026-05-04,2026-05-11,0,1.8479018142223678,1.5355086372359494,0.006791682073251426,3.1558950657859417,991.43342251860122,991.43342251860122,1635.4500545883566,1635.4500545883566,1640.1887745040585,1640.1887745040585,1927.3197029199885,1927.3197029199885,-125.89913406184705,-125.89913406184705,9.794366081204986,9.794366081204986,157.26125899762965,157.26125899762965,-122.91233436408696,-122.91233436408696,9.794366081204986,9.794366081204986,154.01531080756854,154.01531080756854,-184.22838682911308,-184.22838682911308,5.7173803060868682,5.7173803060868682,166.97715514704748,166.97715514704748,-156.99145190678948,-156.99145190678948,4.9039081969291693,4.9039081969291693,168.89832713766501,168.89832713766501
2026-05-05|2026-05-12,2026-05-05,2026-05-12,0,1.8479018142223678,1.5355086372359494,2.6544561876993287,3.1558950657859417,820.46459948012932,820.46459948012932,1545.9138906731237,1545.9138906731237,1615.4795848666392,1615.4795848666392,1927.3197029199885,1927.3197029199885,-125.89913406184705,-125.89913406184705,9.794366081204986,9.794366081204986,157.26125899762965,157.26125899762965,-119.66982777946141,-119.66982777946141,9.794366081204986,9.794366081204986,150.49146942392315,150.49146942392315,-180.63938686366205,-180.63938686366205,6.1157506664199133,6.1157506664199133,166.85617935562351,166.85617935562351,-156.25469277345744,-156.25469277345744,4.9039081969291693,4.9039081969291693,175.58589623004536,175.58589623004536
2026-05-06|2026-05-13,2026-05-06,2026-05-13,0,1.8479018142223678,1.5355086372359494,-1.6183004433591175,3.1558950657859417,976.57199820720484,976.57199820720484,1706.932791879655,1706.932791879655,2013.8246659792619,2013.8246659792619,1927.3197029199885,1927.3197029199885,-125.89913406184705,-125.89913406184705,11.155757558084511,11.155757558084511,157.26125899762965,157.26125899762965,-125.8263591834306,-125.8263591834306,11.155757558084511,11.155757558084511,157.18367832920137,157.18367832920137,-182.97915511970169,-182.97915511970169,5.9455880316012903,5.9455880316012903,168.89189389413986,168.89189389413986,-156.25469277345744,-156.25469277345744,4.9039081969291693,4.9039081969291693,191.25482917943881,191.25482917943881
2026-05-07|2026-05-14,2026-05-07,2026-05-14,0,1.8479018142223678,1.5355086372359494,8.2169488101967154,3.1558950657859417,886.72029428824692,886.72029428824692,1607.2925010313088,1607.2925010313088,1907.7920906733143,1907.7920906733143,1848.7584907263058,1848.7584907263058,-122.92295545374421,-122.92295545374421,11.243316430417094,11.243316430417094,157.26125899762965,157.26125899762965,-121.49257798118707,-121.49257798118707,11.243316430417094,11.243316430417094,155.70452813894101,155.70452813894101,-168.98030378941206,-168.98030378941206,6.67484615757364,6.67484615757364,165.98363902565291,165.98363902565291,-149.68943134633452,-149.68943134633452,4.9039081969291693,4.9039081969291693,163.25575136708241,163.25575136708241
2026-05-08|2026-05-15,2026-05-08,2026-05-15,0,1.8479018142223678,1.5355086372359494,6.5473886413619429,3.1558950657859417,896.07901972108425,896.07901972108425,1514.3631428862966,1514.3631428862966,1610.9852154663799,1610.9852154663799,1848.7584907263058,1848.7584907263058,-121.92279450278531,-121.92279450278531,12.010299867621921,12.010299867621921,157.26125899762965,157.26125899762965,-116.60277517620447,-116.60277517620447,12.010299867621921,12.010299867621921,151.49167745089898,151.49167745089898,-168.62545274571758,-168.62545274571758,6.8213397111448311,6.8213397111448311,165.99131208034206,165.99131208034206,-154.83746867524698,-154.83746867524698,4.9039081969291693,4.9039081969291693,163.25575136708241,163.25575136708241
2026-05-11|2026-05-18,2026-05-11,2026-05-18,0,1.8479018142223678,1.5355086372359494,11.232918528034284,3.1558950657859417,897.8082658761374,897.8082658761374,1424.1953914876733,1424.1953914876733,1579.7256975034406,1579.7256975034406,1848.7584907263058,1848.7584907263058,-120.48248773107478,-120.48248773107478,12.763258704461267,12.763258704461267,157.26125899762965,157.26125899762965,-112.60307230873423,-112.60307230873423,12.763258704461267,12.763258704461267,148.71644760615914,148.71644760615914,-168.16814035143747,-168.16814035143747,7.3426018307212324,7.3426018307212324,165.98479475302636,165.98479475302636,-149.68943134633452,-149.68943134633452,4.9039081969291693,4.9039081969291693,163.25575136708241,163.25575136708241
2026-05-12|2026-05-19,2026-05-12,2026-05-19,0,1.8479018142223678,1.5355086372359494,16.241466262360088,3.1558950657859417,974.50736784843025,974.50736784843025,1370.3442379501687,1370.3442379501687,1597.7853088476304,1597.7853088476304,1848.7584907263058,1848.7584907263058,-120.48248773107478,-120.48248773107478,12.868441518801843,12.868441518801843,157.26125899762965,157.26125899762965,-110.22354376081127,-110.22354376081127,12.868441518801843,12.868441518801843,146.15284128688356,146.15284128688356,-168.19123540898613,-168.19123540898613,7.4238898565765865,7.4238898565765865,166.0189189479583,166.0189189479583,-149.68943134633452,-149.68943134633452,4.9039081969291693,4.9039081969291693,163.25575136708241,163.25575136708241
2026-05-13|2026-05-20,2026-05-13,2026-05-20,0,1.8479018142223678,1.5355086372359494,17.38007161138102,3.1558950657859417,205.3836441528251,205.3836441528251,1311.1602012113958,1311.1602012113958,1263.2699635449121,1263.2699635449121,1891.4234047568975,1891.4234047568975,-120.48248773107478,-120.48248773107478,12.868441518801843,12.868441518801843,157.26125899762965,157.26125899762965,-107.48869924372839,-107.48869924372839,12.868441518801843,12.868441518801843,143.19154279868059,143.19154279868059,-158.77128733861707,-158.77128733861707,7.2953161509479632,7.2953161509479632,166.01923026589998,166.01923026589998,-149.68943134633452,-149.68943134633452,1.4224536147827906,1.4224536147827906,163.25575136708241,163.25575136708241
2026-05-14|2026-05-21,2026-05-14,2026-05-21,0,1.8479018142223678,1.5355086372359494,16.7815139210391,3.1558950657859417,220.7595569994522,220.7595569994522,1239.8790396571335,1239.8790396571335,1238.4221117492862,1238.4221117492862,1891.4234047568975,1891.4234047568975,-120.48248773107478,-120.48248773107478,12.763258704461267,12.763258704461267,157.26125899762965,157.26125899762965,-104.70189770118472,-104.70189770118472,12.763258704461267,12.763258704461267,140.14803952335089,140.14803952335089,-158.74615607879517,-158.74615607879517,7.048106238084304,7.048106238084304,166.06637248700525,166.06637248700525,-149.68943134633452,-149.68943134633452,1.4224536147827906,1.4224536147827906,163.25575136708241,163.25575136708241
2026-05-15|2026-05-22,2026-05-15,2026-05-22,0,1.8479018142223678,1.5355086372359494,22.220478649844992,3.1558950657859417,1008.8505708923581,1008.8505708923581,1405.4217933624439,1405.4217933624439,1575.1843247432946,1575.1843247432946,1927.3197029199885,1927.3197029199885,-120.48248773107478,-120.48248773107478,12.010299867621921,12.010299867621921,157.26125899762965,157.26125899762965,-111.78337353260019,-111.78337353260019,12.010299867621921,12.010299867621921,147.7244781372477,147.7244781372477,-163.39282690435761,-163.39282690435761,7.0048399800866958,7.0048399800866958,167.84084628996632,167.84084628996632,-156.25469277345744,-156.25469277345744,2.7187623024922298,2.7187623024922298,163.25575136708241,163.25575136708241
2026-05-18|2026-05-25,2026-05-18,2026-05-25,0,1.8479018142223678,1.5355086372359494,20.407688850811766,3.1558950657859417,1065.7041669672012,1065.7041669672012,1338.8466017577045,1338.8466017577045,1709.1246304435037,1709.1246304435037,1927.3197029199885,1927.3197029199885,-120.48248773107478,-120.48248773107478,11.243316430417094,11.243316430417094,157.26125899762965,157.26125899762965,-109.59562596519295,-109.59562596519295,11.243316430417094,11.243316430417094,145.19318193264687,145.19318193264687,-163.5391800038683,-163.5391800038683,6.9437093959437002,6.9437093959437002,167.86600624822489,167.86600624822489,-156.25469277345744,-156.25469277345744,2.7187623024922298,2.7187623024922298,163.25575136708241,163.25575136708241
2026-05-19|2026-05-26,2026-05-19,2026-05-26,0,1.8479018142223678,1.5355086372359494,13.094939368922043,6.4372688055515521,1075.9384604219099,1075.9384604219099,1293.1866636404109,1293.1866636404109,1479.2222558775422,1479.2222558775422,1848.7584907263058,1848.7584907263058,-120.48248773107478,-120.48248773107478,11.155757558084511,11.155757558084511,157.26125899762965,157.26125899762965,-107.45698996177242,-107.45698996177242,11.155757558084511,11.155757558084511,142.80423794798548,142.80423794798548,-162.41366809699755,-162.41366809699755,5.5321282092419457,5.5321282092419457,165.22800373669796,165.22800373669796,-149.68943134633452,-149.68943134633452,8.7551818362963729,8.7551818362963729,163.25575136708241,163.25575136708241
2026-05-20|2026-05-27,2026-05-20,2026-05-27,0,1.8479018142223678,1.5355086372359494,16.751154275460166,6.4372688055515521,1058.3982859267808,1058.3982859267808,1233.3700290116844,1233.3700290116844,1405.9270361192571,1405.9270361192571,1848.7584907263058,1848.7584907263058,-120.48248773107478,-120.48248773107478,9.794366081204986,9.794366081204986,157.26125899762965,157.26125899762965,-104.80955524887143,-104.80955524887143,9.794366081204986,9.794366081204986,139.52028208265307,139.52028208265307,-162.67469328002682,-162.67469328002682,5.4458137640478155,5.4458137640478155,165.30144996450005,165.30144996450005,-149.68943134633452,-149.68943134633452,8.7551818362963729,8.7551818362963729,163.25575136708241,163.25575136708241
2026-05-21|2026-05-28,2026-05-21,2026-05-28,0,1.8479018142223678,1.5355086372359494,15.176099364235137,3.1558950657859417,1033.9187501123038,1033.9187501123038,1159.4124170450618,1159.4124170450618,1463.683181862071,1463.683181862071,1848.7584907263058,1848.7584907263058,-120.48248773107478,-120.48248773107478,8.1099115482829998,8.1099115482829998,157.26125899762965,157.26125899762965,-102.25876085168773,-102.25876085168773,8.1099115482829998,8.1099115482829998,136.12398000725486,136.12398000725486,-161.91323087586454,-161.91323087586454,5.4115494998557354,5.4115494998557354,165.19648340246277,165.19648340246277,-149.68943134633452,-149.68943134633452,8.7551818362963729,8.7551818362963729,163.25575136708241,163.25575136708241
2026-05-22|2026-05-29,2026-05-22,2026-05-29,0,1.8479018142223678,1.5355086372359494,6.6870436195041574,3.1558950657859417,236.512294521299,236.512294521299,1090.5612314297948,1090.5612314297948,1192.5479471395297,1192.5479471395297,1891.4234047568975,1891.4234047568975,-120.48248773107478,-120.48248773107478,7.2845451861192068,7.2845451861192068,157.26125899762965,157.26125899762965,-99.132991501264982,-99.132991501264982,7.2845451861192068,7.2845451861192068,132.20059027134499,132.20059027134499,-160.93498027028124,-160.93498027028124,5.0986249074540426,5.0986249074540426,165.04927300383173,165.04927300383173,-149.68943134633452,-149.68943134633452,9.9807884996115686,9.9807884996115686,163.25575136708241,163.25575136708241
2026-05-25|2026-06-01,2026-05-25,2026-06-01,0,1.8479018142223678,1.5355086372359494,4.209051106447518,3.1558950657859417,520.09011215817327,520.09011215817327,1127.9510188320767,1127.9510188320767,1495.6418606028103,1495.6418606028103,1848.7584907263058,1848.7584907263058,-120.48248773107478,-120.48248773107478,7.2845451861192068,7.2845451861192068,157.26125899762965,157.26125899762965,-100.86896834243809,-100.86896834243809,7.2845451861192068,7.2845451861192068,134.23833111847549,134.23833111847549,-162.58497035416877,-162.58497035416877,4.9864593741096028,4.9864593741096028,165.92895540836116,165.92895540836116,-149.68943134633452,-149.68943134633452,10.940327730733312,10.940327730733312,163.25575136708241,163.25575136708241
2026-05-26|2026-06-02,2026-05-26,2026-06-02,0,1.8479018142223678,1.5355086372359494,9.2156090127560564,3.1558950657859417,416.47106195992291,416.47106195992291,1063.8591006308457,1063.8591006308457,1426.8393151255641,1426.8393151255641,1848.7584907263058,1848.7584907263058,-120.48248773107478,-120.48248773107478,8.1099115482829998,8.1099115482829998,157.26125899762965,157.26125899762965,-97.731567443827757,-97.731567443827757,8.1099115482829998,8.1099115482829998,130.87299316254087,130.87299316254087,-162.00109756219987,-162.00109756219987,5.8443616858410685,5.8443616858410685,165.62298633592235,165.62298633592235,-149.68943134633452,-149.68943134633452,4.9039081969291693,4.9039081969291693,163.25575136708241,163.25575136708241
2026-05-27|2026-06-03,2026-05-27,2026-06-03,0,1.8479018142223678,1.5355086372359494,16.100505836408054,3.1558950657859417,358.55239724200055,358.55239724200055,1000.4265203673166,1000.4265203673166,1466.9003486108588,1466.9003486108588,1848.7584907263058,1848.7584907263058,-120.48248773107478,-120.48248773107478,8.1099115482829998,8.1099115482829998,157.26125899762965,157.26125899762965,-94.871327754136459,-94.871327754136459,8.1099115482829998,8.1099115482829998,127.55546735124636,127.55546735124636,-157.65252543443876,-157.65252543443876,6.2466095473200243,6.2466095473200243,165.58600888898047,165.58600888898047,-149.68943134633452,-149.68943134633452,4.9039081969291693,4.9039081969291693,163.25575136708241,163.25575136708241
2026-05-28|2026-06-04,2026-05-28,2026-06-04,0,1.8479018142223678,1.5355086372359494,18.919229397704068,3.1558950657859417,417.47933434462709,417.47933434462709,958.12360005014409,958.12360005014409,1238.550042822023,1238.550042822023,1747.393490346718,1747.393490346718,-120.48248773107478,-120.48248773107478,8.1099115482829998,8.1099115482829998,157.26125899762965,157.26125899762965,-93.276170793463777,-93.276170793463777,8.1099115482829998,8.1099115482829998,125.70528171499681,125.70528171499681,-157.46451614553789,-157.46451614553789,6.5214032174969141,6.5214032174969141,161.65866822003397,161.65866822003397,-149.68943134633452,-149.68943134633452,4.9039081969291693,4.9039081969291693,163.25575136708241,163.25575136708241
2026-05-29|2026-06-05,2026-05-29,2026-06-05,0,1.8479018142223678,1.5355086372359494,17.277207461499028,3.1558950657859417,523.13706395703412,523.13706395703412,933.04706233829438,933.04706233829438,1199.5313105647178,1199.5313105647178,1719.9464446576192,1719.9464446576192,-120.48248773107478,-120.48248773107478,8.1099115482829998,8.1099115482829998,157.26125899762965,157.26125899762965,-91.978621381780115,-91.978621381780115,8.1099115482829998,8.1099115482829998,124.20028418622147,124.20028418622147,-158.51223084958582,-158.51223084958582,6.6239802001017623,6.6239802001017623,158.77177475189569,158.77177475189569,-171.43158371628641,-171.43158371628641,-11.266476902768028,-11.266476902768028,160.09024735651718,160.09024735651718
2026-06-01|2026-06-08,2026-06-01,2026-06-08,0,1.8479018142223678,1.5355086372359494,16.394925309878644,3.1558950657859417,180.9822386203098,180.9822386203098,877.24125228504909,877.24125228504909,869.08442872918249,869.08442872918249,1762.6113586882109,1762.6113586882109,-120.48248773107478,-120.48248773107478,7.2845451861192068,7.2845451861192068,157.26125899762965,157.26125899762965,-89.141789160285569,-89.141789160285569,7.2845451861192068,7.2845451861192068,120.47262210997187,120.47262210997187,-158.5139619566244,-158.5139619566244,6.589803876018637,6.589803876018637,157.97687796566967,157.97687796566967,-171.43158371628641,-171.43158371628641,-13.082816138196931,-13.082816138196931,160.09024735651718,160.09024735651718
2026-06-02|2026-06-09,2026-06-02,2026-06-09,0,1.8479018142223678,1.5355086372359494,14.741102259383771,3.1558950657859417,170.3589088975782,170.3589088975782,825.00492115982013,825.00492115982013,867.78514991550037,867.78514991550037,1762.6113586882109,1762.6113586882109,-120.48248773107478,-120.48248773107478,7.2845451861192068,7.2845451861192068,157.26125899762965,157.26125899762965,-86.367726342039504,-86.367726342039504,7.2845451861192068,7.2845451861192068,117.21634530766967,117.21634530766967,-158.46711883706394,-158.46711883706394,6.3561896325777463,6.3561896325777463,157.60343118024275,157.60343118024275,-171.43158371628641,-171.43158371628641,-13.082816138196931,-13.082816138196931,160.09024735651718,160.09024735651718
2026-06-03|2026-06-10,2026-06-03,2026-06-10,0,1.8479018142223678,1.5355086372359494,18.701602685608723,3.1558950657859417,349.57540659821825,349.57540659821825,829.6685409747447,829.6685409747447,770.04240755817636,770.04240755817636,1719.9464446576192,1719.9464446576192,-120.48248773107478,-120.48248773107478,6.8335268341579436,6.8335268341579436,157.26125899762965,157.26125899762965,-86.655874642475567,-86.655874642475567,6.8335268341579436,6.8335268341579436,117.29408981576668,117.29408981576668,-154.01253323037173,-154.01253323037173,5.7983453815825037,5.7983453815825037,156.85035942996842,156.85035942996842,-171.43158371628641,-171.43158371628641,-11.266476902768028,-11.266476902768028,160.09024735651718,160.09024735651718
2026-06-04|2026-06-11,2026-06-04,2026-06-11,0,1.8479018142223678,1.5355086372359494,16.666517239763802,3.1558950657859417,390.73337215596064,390.73337215596064,809.95848908844903,809.95848908844903,936.49425034892784,936.49425034892784,1719.9464446576192,1719.9464446576192,-120.48248773107478,-120.48248773107478,7.2845451861192068,7.2845451861192068,157.26125899762965,157.26125899762965,-85.355160573812498,-85.355160573812498,7.2845451861192068,7.2845451861192068,116.02776572677624,116.02776572677624,-154.6569574410953,-154.6569574410953,5.8638913627376414,5.8638913627376414,157.11155059730166,157.11155059730166,-171.43158371628641,-171.43158371628641,-11.266476902768028,-11.266476902768028,160.09024735651718,160.09024735651718
2026-06-05|2026-06-12,2026-06-05,2026-06-12,0,1.8479018142223678,1.5355086372359494,17.086062378572151,3.1558950657859417,282.69711118543125,282.69711118543125,761.36097974314214,761.36097974314214,586.37888807564559,586.37888807564559,1383.6004584088289,1383.6004584088289,-120.48248773107478,-120.48248773107478,6.8335268341579436,6.8335268341579436,157.26125899762965,157.26125899762965,-82.698922353188834,-82.698922353188834,6.8335268341579436,6.8335268341579436,112.61883068839677,112.61883068839677,-154.5878997762141,-154.5878997762141,5.6731932035345478,5.6731932035345478,154.09429162254247,154.09429162254247,-171.43158371628641,-171.43158371628641,-13.082816138196931,-13.082816138196931,150.76500266931305,150.76500266931305
2026-06-08|2026-06-15,2026-06-08,2026-06-15,0,1.8479018142223678,1.5355086372359494,22.658235600054603,3.1558950657859417,1758.235122623119,1758.235122623119,1158.5177380769126,1158.5177380769126,917.71719885521179,917.71719885521179,1383.6004584088289,1383.6004584088289,-120.48248773107478,-120.48248773107478,6.4422232213068309,6.4422232213068309,157.26125899762965,157.26125899762965,-102.63001090151862,-102.63001090151862,6.4422232213068309,6.4422232213068309,136.04794819747389,136.04794819747389,-163.86181914370803,-163.86181914370803,5.9195125410398717,5.9195125410398717,156.85634166013716,156.85634166013716,-171.43158371628641,-171.43158371628641,-12.303887592529032,-12.303887592529032,150.76500266931305,150.76500266931305
2026-06-09|2026-06-16,2026-06-09,2026-06-16,0,1.8479018142223678,1.5355086372359494,21.805801564278607,3.1558950657859417,1920.4563601069146,1920.4563601069146,1138.0711890493105,1138.0711890493105,1077.3387448118465,1077.3387448118465,1383.6004584088289,1383.6004584088289,-120.48248773107478,-120.48248773107478,6.0527508281471576,6.0527508281471576,157.26125899762965,157.26125899762965,-104.40990082722365,-104.40990082722365,6.0527508281471576,6.0527508281471576,138.0546576126863,138.0546576126863,-164.27122624517864,-164.27122624517864,6.3158847264575648,6.3158847264575648,156.84804426749008,156.84804426749008,-149.68943134633452,-149.68943134633452,-5.4219021548251778,-5.4219021548251778,150.76500266931305,150.76500266931305
2026-06-10|2026-06-17,2026-06-10,2026-06-17,0,1.8479018142223678,1.5355086372359494,17.112903494590018,3.1558950657859417,1912.5318888322151,1912.5318888322151,1121.5734914084562,1121.5734914084562,997.22043531233567,997.22043531233567,1383.6004584088289,1383.6004584088289,-120.48248773107478,-120.48248773107478,5.1576952852006031,5.1576952852006031,157.26125899762965,157.26125899762965,-104.32948412058654,-104.32948412058654,5.1576952852006031,5.1576952852006031,137.70597537076065,137.70597537076065,-164.78214642597374,-164.78214642597374,6.2707463315586986,6.2707463315586986,155.27494697810533,155.27494697810533,-149.68943134633452,-149.68943134633452,-5.4219021548251778,-5.4219021548251778,150.76500266931305,150.76500266931305
2026-06-11|2026-06-18,2026-06-11,2026-06-18,0,1.8479018142223678,1.5355086372359494,19.113118298189985,3.1558950657859417,1812.8991864014365,1812.8991864014365,1054.4593317669041,1054.4593317669041,1041.1819942911247,1041.1819942911247,1383.6004584088289,1383.6004584088289,-120.48248773107478,-120.48248773107478,4.262763742038933,4.262763742038933,157.26125899762965,157.26125899762965,-101.55460090958125,-101.55460090958125,4.262763742038933,4.262763742038933,134.04644185742936,134.04644185742936,-164.64427109204217,-164.64427109204217,6.2369933474870409,6.2369933474870409,155.26558848804405,155.26558848804405,-149.68943134633452,-149.68943134633452,-5.4219021548251778,-5.4219021548251778,150.76500266931305,150.76500266931305
2026-06-12|2026-06-19,2026-06-12,2026-06-19,0,1.8479018142223678,1.5355086372359494,21.01727127222582,3.1558950657859417,1948.1334435768401,1948.1334435768401,1031.7620490135109,1031.7620490135109,1119.1516818877135,1119.1516818877135,1383.6004584088289,1383.6004584088289,-120.48248773107478,-120.48248773107478,3.8183254010282219,3.8183254010282219,157.26125899762965,157.26125899762965,-100.38948799620701,-100.38948799620701,3.8183254010282219,3.8183254010282219,132.45748864097726,132.45748864097726,-160.84928658984774,-160.84928658984774,7.1109357010066034,7.1109357010066034,154.48342859136292,154.48342859136292,-149.68943134633452,-149.68943134633452,-12.303887592529032,-12.303887592529032,150.76500266931305,150.76500266931305
2026-06-15|2026-06-22,2026-06-15,2026-06-22,0,1.8479018142223678,1.5355086372359494,11.974316933643404,3.1558950657859417,711.17637979180381,711.17637979180381,1041.6076240555478,1041.6076240555478,1067.1938098913679,1067.1938098913679,1383.6004584088289,1383.6004584088289,-120.48248773107478,-120.48248773107478,3.8183254010282219,3.8183254010282219,157.26125899762965,157.26125899762965,-101.09762587749012,-101.09762587749012,3.8183254010282219,3.8183254010282219,133.33164827965541,133.33164827965541,-161.92169995087849,-161.92169995087849,7.3525262869814609,7.3525262869814609,154.60107939370334,154.60107939370334,-149.68943134633452,-149.68943134633452,-11.266476902768028,-11.266476902768028,150.76500266931305,150.76500266931305
2026-06-16|2026-06-23,2026-06-16,2026-06-23,0,1.8479018142223678,1.5355086372359494,14.406625653474052,3.1558950657859417,572.71661316393408,572.71661316393408,986.63775188086697,986.63775188086697,921.66380910104272,921.66380910104272,1383.6004584088289,1383.6004584088289,-120.48248773107478,-120.48248773107478,4.262763742038933,4.262763742038933,157.26125899762965,157.26125899762965,-98.289488434770732,-98.289488434770732,4.262763742038933,4.262763742038933,130.04182212572007,130.04182212572007,-161.424207546464,-161.424207546464,7.9878701866687107,7.9878701866687107,154.5974958956443,154.5974958956443,-149.68943134633452,-149.68943134633452,-11.266476902768028,-11.266476902768028,150.76500266931305,150.76500266931305
2026-06-17|2026-06-24,2026-06-17,2026-06-24,0,1.8479018142223678,1.5355086372359494,11.975877446552873,3.1558950657859417,401.43377894091122,401.43377894091122,927.84121020321209,927.84121020321209,926.90270604574016,926.90270604574016,1383.6004584088289,1383.6004584088289,-120.48248773107478,-120.48248773107478,5.1576952852006031,5.1576952852006031,157.26125899762965,157.26125899762965,-95.146237309268344,-95.146237309268344,5.1576952852006031,5.1576952852006031,126.5884767097522,126.5884767097522,-161.304126095632,-161.304126095632,8.2276211038897085,8.2276211038897085,152.74782544361267,152.74782544361267,-149.68943134633452,-149.68943134633452,-11.266476902768028,-11.266476902768028,150.76500266931305,150.76500266931305
2026-06-18|2026-06-25,2026-06-18,2026-06-25,0,1.8479018142223678,1.5355086372359494,17.837901366021729,3.1558950657859417,2916.6258547227189,2916.6258547227189,1626.908610168518,1626.908610168518,1279.9202114903514,1279.9202114903514,1719.9464446576192,1719.9464446576192,-120.48248773107478,-120.48248773107478,5.1576952852006031,5.1576952852006031,157.26125899762965,157.26125899762965,-125.68255275400979,-125.68255275400979,5.1576952852006031,5.1576952852006031,163.55660498118579,163.55660498118579,-174.13314693086289,-174.13314693086289,8.2503668644306938,8.2503668644306938,159.12773907729849,159.12773907729849,-149.68943134633452,-149.68943134633452,2.7187623024922298,2.7187623024922298,160.09024735651718,160.09024735651718
2026-06-19|2026-06-26,2026-06-19,2026-06-26,0,1.8479018142223678,1.5355086372359494,19.594788815735058,3.1558950657859417,2786.8729467579765,2786.8729467579765,1530.9384983216055,1530.9384983216055,1270.8219802073927,1270.8219802073927,1719.9464446576192,1719.9464446576192,-120.48248773107478,-120.48248773107478,4.262763742038933,4.262763742038933,157.26125899762965,157.26125899762965,-124.12436485858844,-124.12436485858844,4.262763742038933,4.262763742038933,161.72797587731333,161.72797587731333,-174.209778077111,-174.209778077111,8.3129886669313908,8.3129886669313908,158.90832314072995,158.90832314072995,-149.68943134633452,-149.68943134633452,2.7187623024922298,2.7187623024922298,160.09024735651718,160.09024735651718
2026-06-22|2026-06-29,2026-06-22,2026-06-29,0,1.8479018142223678,1.5355086372359494,14.28123293985518,3.1558950657859417,2566.1061024949208,2566.1061024949208,1444.6034331262399,1444.6034331262399,1159.6285159408667,1159.6285159408667,1719.9464446576192,1719.9464446576192,-121.92279450278531,-121.92279450278531,3.8183254010282219,3.8183254010282219,157.26125899762965,157.26125899762965,-121.88628896024295,-121.88628896024295,3.8183254010282219,3.8183254010282219,157.21671098068404,157.21671098068404,-172.66091825833172,-172.66091825833172,7.7039089526790425,7.7039089526790425,158.78283709384402,158.78283709384402,-149.68943134633452,-149.68943134633452,2.7187623024922298,2.7187623024922298,160.09024735651718,160.09024735651718
2026-06-23|2026-06-30,2026-06-23,2026-06-30,0,1.8479018142223678,1.5355086372359494,12.816471172397442,3.1558950657859417,3165.2177283708293,3165.2177283708293,1545.1873001700899,1545.1873001700899,1326.3516220877423,1326.3516220877423,1719.9464446576192,1719.9464446576192,-122.92295545374421,-122.92295545374421,2.9780878046525849,2.9780878046525849,151.69583518662731,151.69583518662731,-127.8922448780492,-127.8922448780492,2.9780878046525849,2.9780878046525849,157.56569543675212,157.56569543675212,-175.24836514379683,-175.24836514379683,6.998386034403131,6.998386034403131,159.36656501175875,159.36656501175875,-149.68943134633452,-149.68943134633452,2.7187623024922298,2.7187623024922298,165.1776643316573,165.1776643316573
2026-06-24|2026-07-01,2026-06-24,2026-07-01,0,1.8479018142223678,1.5355086372359494,15.809277052146356,3.1558950657859417,3580.5913443577979,3580.5913443577979,1577.4898703911726,1577.4898703911726,1243.1092516754588,1243.1092516754588,1719.9464446576192,1719.9464446576192,-125.94002371242851,-125.94002371242851,-0.42929505945143998,-0.42929505945143998,143.71194344347023,143.71194344347023,-131.88186770143321,-131.88186770143321,-0.42929505945143998,-0.42929505945143998,150.53578042344907,150.53578042344907,-176.93792215037521,-176.93792215037521,7.2659999913746507,7.2659999913746507,160.28744328679934,160.28744328679934,-149.68943134633452,-149.68943134633452,3.2794690929655981,3.2794690929655981,165.1776643316573,165.1776643316573
2026-06-25|2026-07-02,2026-06-25,2026-07-02,0,1.8479018142223678,1.5355086372359494,2.3004461524913991,3.1558950657859417,1065.4205410325724,1065.4205410325724,1483.027109747632,1483.027109747632,928.44860614794243,928.44860614794243,1719.9464446576192,1719.9464446576192,-125.94002371242851,-125.94002371242851,-3.8639140188240217,-3.8639140188240217,136.53492131001661,136.53492131001661,-127.86352369664095,-127.86352369664095,-3.8639140188240217,-3.8639140188240217,138.74712448569349,138.74712448569349,-176.64819011132016,-176.64819011132016,7.0331876148512222,7.0331876148512222,159.64428318849201,159.64428318849201,-149.68943134633452,-149.68943134633452,2.7187623024922298,2.7187623024922298,164.89930676473395,164.89930676473395
2026-06-26|2026-07-03,2026-06-26,2026-07-03,0,1.8479018142223678,1.5355086372359494,-1.6021829960635654,3.1558950657859417,1601.1353849722905,1601.1353849722905,1556.4043411078883,1556.4043411078883,1392.5229037697893,1392.5229037697893,1719.9464446576192,1719.9464446576192,-125.94002371242851,-125.94002371242851,-4.2964589218746907,-4.2964589218746907,126.61130113685107,126.61130113685107,-131.43783452595972,-131.43783452595972,-4.2964589218746907,-4.2964589218746907,132.52781714873547,132.52781714873547,-177.34163660859454,-177.34163660859454,7.1099768461726702,7.1099768461726702,161.02076332964441,161.02076332964441,-149.68943134633452,-149.68943134633452,4.9039081969291693,4.9039081969291693,164.89930676473395,164.89930676473395
2026-06-29|2026-07-06,2026-06-29,2026-07-06,0,1.8479018142223678,1.5355086372359494,-2.405680371108549,3.1558950657859417,1586.5778987188257,1586.5778987188257,1464.1740794693064,1464.1740794693064,1288.3700095328682,1288.3700095328682,1383.6004584088289,1383.6004584088289,-125.94002371242851,-125.94002371242851,-4.7401703030858222,-4.7401703030858222,116.35259276026559,116.35259276026559,-127.97657829162637,-127.97657829162637,-4.7401703030858222,-4.7401703030858222,118.3873478708306,118.3873478708306,-177.24543111187504,-177.24543111187504,7.6387591426091843,7.6387591426091843,156.49540185868869,156.49540185868869,-149.68943134633452,-149.68943134633452,6.3386352814191769,6.3386352814191769,155.57406207752982,155.57406207752982
2026-06-30|2026-07-07,2026-06-30,2026-07-07,0,1.8479018142223678,1.5355086372359494,-2.6203348826320947,3.1558950657859417,984.51501148824286,984.51501148824286,1382.9648415633976,1382.9648415633976,934.04217607399733,934.04217607399733,1383.6004584088289,1383.6004584088289,-125.94002371242851,-125.94002371242851,-4.7401703030858222,-4.7401703030858222,116.35259276026559,116.35259276026559,-124.58023980885662,-124.58023980885662,-4.7401703030858222,-4.7401703030858222,114.99401034105701,114.99401034105701,-177.14925010481318,-177.14925010481318,7.9951018000657159,7.9951018000657159,153.90402730969623,153.90402730969623,-154.83746867524698,-154.83746867524698,6.3386352814191769,6.3386352814191769,155.57406207752982,155.57406207752982
2026-07-01|2026-07-08,2026-07-01,2026-07-08,0,1.8479018142223678,1.5355086372359494,-5.1519484176024015,4.1242013935159401,586.44304823123309,586.44304823123309,1305.5791703237787,1305.5791703237787,666.42627325591275,666.42627325591275,1383.6004584088289,1383.6004584088289,-125.94002371242851,-125.94002371242851,-4.7401703030858222,-4.7401703030858222,116.35259276026559,116.35259276026559,-121.19032078982363,-121.19032078982363,-4.7401703030858222,-4.7401703030858222,111.60708660287972,111.60708660287972,-176.3976731728971,-176.3976731728971,7.5301705809011574,7.5301705809011574,153.47180718488451,153.47180718488451,-149.68943134633452,-149.68943134633452,6.3386352814191769,6.3386352814191769,155.57406207752982,155.57406207752982
2026-07-02|2026-07-09,2026-07-02,2026-07-09,0,1.8479018142223678,1.5355086372359494,-13.414794416547105,3.1558950657859417,625.33544281436525,625.33544281436525,1239.0987700592216,1239.0987700592216,575.7657619408169,575.7657619408169,1383.6004584088289,1383.6004584088289,-125.94002371242851,-125.94002371242851,-4.7401703030858222,-4.7401703030858222,116.35259276026559,116.35259276026559,-118.33041400686952,-118.33041400686952,-4.7401703030858222,-4.7401703030858222,108.7497067900355,108.7497067900355,-176.60969117568663,-176.60969117568663,6.5799606127107646,6.5799606127107646,143.87987776325053,143.87987776325053,-149.68943134633452,-149.68943134633452,4.9039081969291693,4.9039081969291693,155.57406207752982,155.57406207752982
2026-07-03|2026-07-10,2026-07-03,2026-07-10,0,1.8479018142223678,1.5355086372359494,-16.146299870705032,3.1558950657859417,453.70238963037821,453.70238963037821,1275.6217858455861,1275.6217858455861,669.28205161465212,669.28205161465212,1383.6004584088289,1383.6004584088289,-125.94002371242851,-125.94002371242851,-4.2964589218746907,-4.2964589218746907,116.35259276026559,116.35259276026559,-119.6828178386609,-119.6828178386609,-4.2964589218746907,-4.2964589218746907,110.14654350357196,110.14654350357196,-178.12153935946642,-178.12153935946642,6.5580130834375012,6.5580130834375012,144.78912708887512,144.78912708887512,-149.68943134633452,-149.68943134633452,4.9039081969291693,4.9039081969291693,155.57406207752982,155.57406207752982
2026-07-06|2026-07-13,2026-07-06,2026-07-13,0,1.8479018142223678,1.5355086372359494,-10.351679081766017,3.1558950657859417,616.04333372526457,616.04333372526457,1248.9407607512082,1248.9407607512082,546.55586711989554,546.55586711989554,1383.6004584088289,1383.6004584088289,-125.94002371242851,-125.94002371242851,-3.8639140188240217,-3.8639140188240217,116.35259276026559,116.35259276026559,-118.35672715205682,-118.35672715205682,-3.8639140188240217,-3.8639140188240217,108.88481364569628,108.88481364569628,-172.61572933617663,-172.61572933617663,6.1915671202051783,6.1915671202051783,145.0228744582808,145.0228744582808,-149.68943134633452,-149.68943134633452,4.9039081969291693,4.9039081969291693,150.76500266931305,150.76500266931305
2026-07-07|2026-07-14,2026-07-07,2026-07-14,0,1.8479018142223678,1.5355086372359494,-6.9154102842396412,3.1558950657859417,643.63651742221009,643.63651742221009,1188.923477077469,1188.923477077469,535.3880194753292,535.3880194753292,1383.6004584088289,1383.6004584088289,-125.94002371242851,-125.94002371242851,-0.83981382126785409,-0.83981382126785409,116.35259276026559,116.35259276026559,-115.28944454962777,-115.28944454962777,-0.83981382126785409,-0.83981382126785409,106.37525535482337,106.37525535482337,-172.08057946645263,-172.08057946645263,5.9728050833911315,5.9728050833911315,144.85445473334795,144.85445473334795,-149.68943134633452,-149.68943134633452,4.9039081969291693,4.9039081969291693,150.76500266931305,150.76500266931305
2026-07-08|2026-07-15,2026-07-08,2026-07-15,0,1.8479018142223678,1.5355086372359494,-7.9656287815343312,3.1558950657859417,753.67416650860218,753.67416650860218,1156.1915824329235,1156.1915824329235,373.72064434499589,373.72064434499589,1383.6004584088289,1383.6004584088289,-125.94002371242851,-125.94002371242851,2.1661367393444042,2.1661367393444042,116.35259276026559,116.35259276026559,-113.38471555204718,-113.38471555204718,2.1661367393444042,2.1661367393444042,105.16151390793976,105.16151390793976,-171.79062839827597,-171.79062839827597,6.386659774969746,6.386659774969746,139.78290990508532,139.78290990508532,-149.68943134633452,-149.68943134633452,6.3386352814191769,6.3386352814191769,150.76500266931305,150.76500266931305
2026-07-09|2026-07-16,2026-07-09,2026-07-16,0,1.8479018142223678,1.5355086372359494,-6.0094085855235502,3.1558950657859417,861.94759660808916,861.94759660808916,1131.1564664716639,1131.1564664716639,434.32212843375191,434.32212843375191,1383.6004584088289,1383.6004584088289,-125.94002371242851,-125.94002371242851,2.9780878046525849,2.9780878046525849,116.35259276026559,116.35259276026559,-111.9265705223229,-111.9265705223229,2.9780878046525849,2.9780878046525849,104.02873617060114,104.02873617060114,-172.4576051676695,-172.4576051676695,6.7800420816568137,6.7800420816568137,140.20000541534199,140.20000541534199,-149.68943134633452,-149.68943134633452,6.3386352814191769,6.3386352814191769,150.76500266931305,150.76500266931305
2026-07-10|2026-07-17,2026-07-10,2026-07-17,0,1.8479018142223678,1.5355086372359494,-8.4154737267052795,3.1558950657859417,496.20827863207444,496.20827863207444,1064.4342250804775,1064.4342250804775,232.65979859829031,232.65979859829031,1383.6004584088289,1383.6004584088289,-125.94002371242851,-125.94002371242851,2.9780878046525849,2.9780878046525849,116.35259276026559,116.35259276026559,-108.55431996283011,-108.55431996283011,2.9780878046525849,2.9780878046525849,101.06307654939168,101.06307654939168,-171.87086350990904,-171.87086350990904,6.1591107231438214,6.1591107231438214,140.15322584145969,140.15322584145969,-149.68943134633452,-149.68943134633452,6.3386352814191769,6.3386352814191769,150.76500266931305,150.76500266931305
2026-07-13|2026-07-20,2026-07-13,2026-07-20,0,1.8479018142223678,1.5355086372359494,-2.138077339450255,3.1558950657859417,335.5317939109031,335.5317939109031,1002.2215082156548,1002.2215082156548,217.79418189443186,217.79418189443186,1383.6004584088289,1383.6004584088289,-125.94002371242851,-125.94002371242851,3.8183254010282219,3.8183254010282219,116.35259276026559,116.35259276026559,-105.55278979033993,-105.55278979033993,3.8183254010282219,3.8183254010282219,98.67155374752663,98.67155374752663,-171.13677508147984,-171.13677508147984,6.7208713139376943,6.7208713139376943,140.03386724818893,140.03386724818893,-149.68943134633452,-149.68943134633452,1.4224536147827906,1.4224536147827906,150.76500266931305,150.76500266931305
2026-07-14|2026-07-21,2026-07-14,2026-07-21,0,1.8479018142223678,1.5355086372359494,-3.1552842989917811,3.1558950657859417,341.12362805411743,341.12362805411743,958.68492993701273,958.68492993701273,171.19155048041193,171.19155048041193,1383.6004584088289,1383.6004584088289,-125.94002371242851,-125.94002371242851,3.8183254010282219,3.8183254010282219,116.35259276026559,116.35259276026559,-103.16838534803335,-103.16838534803335,3.8183254010282219,3.8183254010282219,96.603654388168536,96.603654388168536,-171.22882515086474,-171.22882515086474,6.6777509320344839,6.6777509320344839,139.5744566384254,139.5744566384254,-149.68943134633452,-149.68943134633452,1.4224536147827906,1.4224536147827906,150.76500266931305,150.76500266931305
2026-07-15|2026-07-22,2026-07-15,2026-07-22,0,1.8479018142223678,1.5355086372359494,-5.4482312142312743,3.1558950657859417,212.59900672059266,212.59900672059266,901.20996172083721,901.20996172083721,119.39465891598593,119.39465891598593,1383.6004584088289,1383.6004584088289,-125.94002371242851,-125.94002371242851,3.8183254010282219,3.8183254010282219,116.35259276026559,116.35259276026559,-100.46480706628937,-100.46480706628937,3.8183254010282219,3.8183254010282219,94.258948222722623,94.258948222722623,-170.85923701051124,-170.85923701051124,6.3786896520243586,6.3786896520243586,139.52033807973126,139.52033807973126,-149.68943134633452,-149.68943134633452,5.3790960502974308,5.3790960502974308,150.76500266931305,150.76500266931305
2026-07-16|2026-07-23,2026-07-16,2026-07-23,0,1.8479018142223678,1.5355086372359494,3.0597024723589037,4.1242013935159401,636.84651043881547,636.84651043881547,1018.7479941177697,1018.7479941177697,505.06967333442253,505.06967333442253,1383.6004584088289,1383.6004584088289,-125.94002371242851,-125.94002371242851,4.262763742038933,4.262763742038933,116.35259276026559,116.35259276026559,-106.57575143865725,-106.57575143865725,4.262763742038933,4.262763742038933,99.682151130984366,99.682151130984366,-160.65971424405242,-160.65971424405242,6.0589721346625973,6.0589721346625973,140.91907734717793,140.91907734717793,-149.68943134633452,-149.68943134633452,6.3386352814191769,6.3386352814191769,150.76500266931305,150.76500266931305
2026-07-17|2026-07-24,2026-07-17,2026-07-24,0,1.8479018142223678,1.5355086372359494,4.7793222892525602,6.4372688055515521,788.77350323701125,788.77350323701125,1004.3483589072757,1004.3483589072757,567.80788182768356,567.80788182768356,1383.6004584088289,1383.6004584088289,-125.94002371242851,-125.94002371242851,4.262763742038933,4.262763742038933,116.35259276026559,116.35259276026559,-105.78552115074208,-105.78552115074208,4.262763742038933,4.262763742038933,99.001852501522151,99.001852501522151,-161.34348932791235,-161.34348932791235,6.5196676283422414,6.5196676283422414,140.73228563860238,140.73228563860238,-149.68943134633452,-149.68943134633452,6.3386352814191769,6.3386352814191769,150.76500266931305,150.76500266931305
2026-07-20|2026-07-27,2026-07-20,2026-07-27,0,1.8479018142223678,1.5355086372359494,3.3800890779878898,6.4372688055515521,795.65156435248423,795.65156435248423,947.80421234748701,947.80421234748701,508.22210873920858,508.22210873920858,1383.6004584088289,1383.6004584088289,-125.94002371242851,-125.94002371242851,3.8183254010282219,3.8183254010282219,116.35259276026559,116.35259276026559,-102.79319067818156,-102.79319067818156,3.8183254010282219,3.8183254010282219,96.278262938775597,96.278262938775597,-161.30203651381419,-161.30203651381419,5.8643845012442464,5.8643845012442464,140.62044305614509,140.62044305614509,-161.11886777210785,-161.11886777210785,6.3386352814191769,6.3386352814191769,150.76500266931305,150.76500266931305
2026-07-21|2026-07-28,2026-07-21,2026-07-28,0,1.8479018142223678,1.5355086372359494,9.353491035034569,6.4372688055515521,750.13360179365179,750.13360179365179,893.8772830532854,893.8772830532854,464.89679881329766,464.89679881329766,1383.6004584088289,1383.6004584088289,-125.94002371242851,-125.94002371242851,3.8183254010282219,3.8183254010282219,112.29408296474594,112.29408296474594,-99.804563834364586,-99.804563834364586,3.8183254010282219,3.8183254010282219,90.445286113375374,90.445286113375374,-157.41164790318359,-157.41164790318359,6.4156406498098111,6.4156406498098111,139.99901028826827,139.99901028826827,-149.68943134633452,-149.68943134633452,5.1651393842089419,5.1651393842089419,150.76500266931305,150.76500266931305
2026-07-22|2026-07-29,2026-07-22,2026-07-29,0,1.8479018142223678,1.5355086372359494,13.810579118533891,6.4372688055515521,765.32071067230549,765.32071067230549,844.84690631372951,844.84690631372951,443.73387198955788,443.73387198955788,1383.6004584088289,1383.6004584088289,-125.94002371242851,-125.94002371242851,2.9780878046525849,2.9780878046525849,112.29408296474594,112.29408296474594,-97.204701146324425,-97.204701146324425,2.9780878046525849,2.9780878046525849,87.927992385271736,87.927992385271736,-154.78444685197209,-154.78444685197209,6.7534043812552573,6.7534043812552573,137.77559965744325,137.77559965744325,-149.68943134633452,-149.68943134633452,-1.9494549781393253,-1.9494549781393253,150.76500266931305,150.76500266931305
2026-07-23|2026-07-30,2026-07-23,2026-07-30,0,1.8479018142223678,1.5355086372359494,15.266185001212445,6.4372688055515521,232.62677894555148,232.62677894555148,805.95854251706214,805.95854251706214,151.32348571265629,151.32348571265629,1383.6004584088289,1383.6004584088289,-125.94002371242851,-125.94002371242851,2.9780878046525849,2.9780878046525849,112.29408296474594,112.29408296474594,-95.342621496364131,-95.342621496364131,2.9780878046525849,2.9780878046525849,86.349043643257346,86.349043643257346,-155.34734257347455,-155.34734257347455,7.0682255845139554,7.0682255845139554,137.47475187827723,137.47475187827723,-149.68943134633452,-149.68943134633452,-4.9467143014569155,-4.9467143014569155,150.76500266931305,150.76500266931305
2026-07-24|2026-07-31,2026-07-24,2026-07-31,0,1.8479018142223678,1.5355086372359494,17.003019399596294,6.4372688055515521,111.55065209095235,111.55065209095235,768.00343634623073,768.00343634623073,-47.976529260215102,0.0001,1383.6004584088289,1383.6004584088289,-122.92295545374421,-122.92295545374421,2.9780878046525849,2.9780878046525849,112.29408296474594,112.29408296474594,-92.210286706696181,-92.210286706696181,2.9780878046525849,2.9780878046525849,85.627219361279046,85.627219361279046,-151.72599393264159,-151.72599393264159,6.8204324104693974,6.8204324104693974,137.54531612262127,137.54531612262127,-171.43158371628641,-171.43158371628641,-10.291719949292778,-10.291719949292778,150.76500266931305,150.76500266931305
2026-07-27|2026-08-03,2026-07-27,2026-08-03,0,1.8479018142223678,1.5355086372359494,17.0471476409312,3.1558950657859417,121.41182523219082,121.41182523219082,728.59833708247629,728.59833708247629,183.00346227847149,183.00346227847149,1383.6004584088289,1383.6004584088289,-121.92279450278531,-121.92279450278531,2.9780878046525849,2.9780878046525849,112.29408296474594,112.29408296474594,-88.988189618368565,-88.988189618368565,2.9780878046525849,2.9780878046525849,83.468993488735975,83.468993488735975,-151.99360949173621,-151.99360949173621,7.3028040026339669,7.3028040026339669,137.62162725415104,137.62162725415104,-171.43158371628641,-171.43158371628641,-10.291719949292778,-10.291719949292778,150.76500266931305,150.76500266931305
2026-07-28|2026-08-04,2026-07-28,2026-08-04,0,1.8479018142223678,1.5355086372359494,16.299795778758835,3.1558950657859417,186.23582074890146,186.23582074890146,707.27095895918865,707.27095895918865,112.81049148541524,112.81049148541524,1383.6004584088289,1383.6004584088289,-120.48248773107478,-120.48248773107478,2.9780878046525849,2.9780878046525849,112.29408296474594,112.29408296474594,-87.19708932937445,-87.19708932937445,2.9780878046525849,2.9780878046525849,82.822112379859945,82.822112379859945,-152.86277163121878,-152.86277163121878,6.8413150917081662,6.8413150917081662,137.7968018215966,137.7968018215966,-171.43158371628641,-171.43158371628641,-13.082816138196931,-13.082816138196931,150.76500266931305,150.76500266931305
2026-07-29|2026-08-05,2026-07-29,2026-08-05,0,1.8479018142223678,1.5355086372359494,15.942723363135604,3.1558950657859417,197.05418471310512,197.05418471310512,672.68247085453982,672.68247085453982,69.849823204337099,69.849823204337099,1383.6004584088289,1383.6004584088289,-116.79248397202856,-116.79248397202856,2.9780878046525849,2.9780878046525849,112.29408296474594,112.29408296474594,-82.491682915689495,-82.491682915689495,2.9780878046525849,2.9780878046525849,80.987342530597616,80.987342530597616,-152.94339373465598,-152.94339373465598,6.8985894206496816,6.8985894206496816,135.00749246688778,135.00749246688778,-171.43158371628641,-171.43158371628641,-13.082816138196931,-13.082816138196931,150.76500266931305,150.76500266931305
2026-07-30|2026-08-06,2026-07-30,2026-08-06,0,1.8479018142223678,1.5355086372359494,11.673461237525032,3.1558950657859417,1580.9847878130699,1580.9847878130699,1059.3031541154135,1059.3031541154135,937.65506955440333,937.65506955440333,1383.6004584088289,1383.6004584088289,-116.79248397202856,-116.79248397202856,3.8183254010282219,3.8183254010282219,112.29408296474594,112.29408296474594,-106.3301610254186,-106.3301610254186,3.8183254010282219,3.8183254010282219,102.88440887824314,102.88440887824314,-161.47116733327294,-161.47116733327294,7.4317086179769074,7.4317086179769074,139.96905420610386,139.96905420610386,-171.43158371628641,-171.43158371628641,-5.2940592961456368,-5.2940592961456368,150.76500266931305,150.76500266931305
2026-07-31|2026-08-07,2026-07-31,2026-08-07,0,1.8479018142223678,1.5355086372359494,14.266151363136245,3.1558950657859417,1558.610916252391,1558.610916252391,999.43520978047729,999.43520978047729,1145.5492139354196,1145.5492139354196,1383.6004584088289,1383.6004584088289,-116.79248397202856,-116.79248397202856,3.8183254010282219,3.8183254010282219,112.29408296474594,112.29408296474594,-103.20714902221307,-103.20714902221307,3.8183254010282219,3.8183254010282219,100.07561342542046,100.07561342542046,-159.49277035546967,-159.49277035546967,7.0214251898588085,7.0214251898588085,139.96874639692243,139.96874639692243,-149.68943134633452,-149.68943134633452,6.3386352814191769,6.3386352814191769,153.93050667987828,153.93050667987828
2026-08-03|2026-08-10,2026-08-03,2026-08-10,0,1.8479018142223678,1.5355086372359494,24.236915181554323,6.5399916623066838,1915.4206008879903,1915.4206008879903,1053.187109501348,1053.187109501348,1352.9452302835916,1352.9452302835916,1411.0475040979277,1411.0475040979277,-116.79248397202856,-116.79248397202856,3.8183254010282219,3.8183254010282219,116.35259276026559,116.35259276026559,-106.15553356298,-106.15553356298,3.8183254010282219,3.8183254010282219,106.42793155086804,106.42793155086804,-160.8068228206163,-160.8068228206163,7.0313389476357271,7.0313389476357271,141.22106811518142,141.22106811518142,-161.11886777210785,-161.11886777210785,12.979862886953908,12.979862886953908,153.93050667987828,153.93050667987828
2026-08-04|2026-08-11,2026-08-04,2026-08-11,0,1.8479018142223678,1.5355086372359494,20.413115482072701,6.5399916623066838,1900.9171523351688,1900.9171523351688,1008.0333704670815,1008.0333704670815,1264.3815656925349,1264.3815656925349,1411.0475040979277,1411.0475040979277,-116.79248397202856,-116.79248397202856,3.8183254010282219,3.8183254010282219,116.35259276026559,116.35259276026559,-103.91219516339574,-103.91219516339574,3.8183254010282219,3.8183254010282219,104.33481531569538,104.33481531569538,-160.75232903299312,-160.75232903299312,7.072855000045311,7.072855000045311,141.07461053947418,141.07461053947418,-149.68943134633452,-149.68943134633452,12.979862886953908,12.979862886953908,153.93050667987828,153.93050667987828
2026-08-05|2026-08-12,2026-08-05,2026-08-12,0,1.8479018142223678,1.5355086372359494,20.767347582070762,3.1558950657859417,2104.1779471412206,2104.1779471412206,1016.3773761137745,1016.3773761137745,1348.4049918275932,1348.4049918275932,1411.0475040979277,1411.0475040979277,-116.79248397202856,-116.79248397202856,3.8183254010282219,3.8183254010282219,116.35259276026559,116.35259276026559,-104.1659244033,-104.1659244033,3.8183254010282219,3.8183254010282219,104.5715539154002,104.5715539154002,-161.58710072779928,-161.58710072779928,7.039163128790908,7.039163128790908,141.58182640196344,141.58182640196344,-149.68943134633452,-149.68943134633452,6.9431838869626201,6.9431838869626201,179.85422091987962,179.85422091987962
2026-08-06|2026-08-13,2026-08-06,2026-08-13,0,1.8479018142223678,1.5355086372359494,16.707418650580582,6.5399916623066838,702.47969739272617,702.47969739272617,961.86689013454543,961.86689013454543,859.55459531007818,859.55459531007818,1411.0475040979277,1411.0475040979277,-116.79248397202856,-116.79248397202856,3.8183254010282219,3.8183254010282219,116.35259276026559,116.35259276026559,-101.29453802547036,-101.29453802547036,3.8183254010282219,3.8183254010282219,101.89244609733645,101.89244609733645,-160.8474595299744,-160.8474595299744,6.9123325732489365,6.9123325732489365,141.41536472281078,141.41536472281078,-149.68943134633452,-149.68943134633452,6.260770997995305,6.260770997995305,153.93050667987828,153.93050667987828
2026-08-07|2026-08-14,2026-08-07,2026-08-14,0,1.8479018142223678,1.5355086372359494,13.594660774445245,3.1558950657859417,697.53525730570198,697.53525730570198,906.36178961235419,906.36178961235419,644.49182399777465,644.49182399777465,1411.0475040979277,1411.0475040979277,-116.79248397202856,-116.79248397202856,3.8183254010282219,3.8183254010282219,116.35259276026559,116.35259276026559,-98.241102963368007,-98.241102963368007,3.8183254010282219,3.8183254010282219,99.043480242378379,99.043480242378379,-160.8623745685411,-160.8623745685411,7.4173169191051862,7.4173169191051862,138.84208516284258,138.84208516284258,-149.68943134633452,-149.68943134633452,4.9039081969291693,4.9039081969291693,153.93050667987828,153.93050667987828
2026-08-10|2026-08-17,2026-08-10,2026-08-17,0,1.8479018142223678,1.5355086372359494,-0.67847568007910342,3.1558950657859417,378.60017473274462,378.60017473274462,870.01756977142509,870.01756977142509,449.32637071432328,449.32637071432328,1411.0475040979277,1411.0475040979277,-116.79248397202856,-116.79248397202856,3.8183254010282219,3.8183254010282219,116.35259276026559,116.35259276026559,-97.433064537360821,-97.433064537360821,3.8183254010282219,3.8183254010282219,98.289551032040592,98.289551032040592,-160.8421040462473,-160.8421040462473,6.9653806478399201,6.9653806478399201,138.7889848604232,138.7889848604232,-149.68943134633452,-149.68943134633452,11.623000085887774,11.623000085887774,153.93050667987828,153.93050667987828
2026-08-11|2026-08-18,2026-08-11,2026-08-18,0,1.8479018142223678,1.5355086372359494,-0.34616188596675324,3.1558950657859417,352.17853086995524,352.17853086995524,827.92750996211714,827.92750996211714,351.03730403712416,351.03730403712416,1411.0475040979277,1411.0475040979277,-116.79248397202856,-116.79248397202856,3.8183254010282219,3.8183254010282219,116.35259276026559,116.35259276026559,-94.977816107066047,-94.977816107066047,3.8183254010282219,3.8183254010282219,95.998715038779594,95.998715038779594,-160.75857860322685,-160.75857860322685,6.8581986686731202,6.8581986686731202,138.5126430464924,138.5126430464924,-149.68943134633452,-149.68943134633452,11.623000085887774,11.623000085887774,153.93050667987828,153.93050667987828
2026-08-12|2026-08-19,2026-08-12,2026-08-19,0,1.8479018142223678,1.5355086372359494,-2.2455901483299523,3.1558950657859417,126.51305889523225,126.51305889523225,779.37822564669113,779.37822564669113,225.35119624540403,225.35119624540403,1411.0475040979277,1411.0475040979277,-116.79248397202856,-116.79248397202856,2.9780878046525849,2.9780878046525849,116.35259276026559,116.35259276026559,-92.207410209716571,-92.207410209716571,2.9780878046525849,2.9780878046525849,93.080427271263304,93.080427271263304,-160.86756975623103,-160.86756975623103,6.5313794823560984,6.5313794823560984,138.26772230622234,138.26772230622234,-149.68943134633452,-149.68943134633452,12.709034231454169,12.709034231454169,153.93050667987828,153.93050667987828
2026-08-13|2026-08-20,2026-08-13,2026-08-20,0,1.8479018142223678,1.5355086372359494,1.6007208197877958,3.1558950657859417,123.09550951524227,123.09550951524227,738.06242388149008,738.06242388149008,203.29036268297432,203.29036268297432,1411.0475040979277,1411.0475040979277,-116.79248397202856,-116.79248397202856,2.1661367393444042,2.1661367393444042,116.35259276026559,116.35259276026559,-89.845048131241683,-89.845048131241683,2.1661367393444042,2.1661367393444042,90.48618493618406,90.48618493618406,-157.50213052847764,-157.50213052847764,6.9158301174255765,6.9158301174255765,138.32626843000196,138.32626843000196,-149.68943134633452,-149.68943134633452,9.1716531117566262,9.1716531117566262,153.93050667987828,153.93050667987828
2026-08-14|2026-08-21,2026-08-14,2026-08-21,0,1.8479018142223678,1.5355086372359494,4.1347472065725857,3.1558950657859417,279.45771778995891,279.45771778995891,742.89425381689716,742.89425381689716,342.7462435304833,342.7462435304833,1411.0475040979277,1411.0475040979277,-116.79248397202856,-116.79248397202856,2.1661367393444042,2.1661367393444042,116.35259276026559,116.35259276026559,-90.033238297393311,-90.033238297393311,2.1661367393444042,2.1661367393444042,90.666825632943471,90.666825632943471,-157.47176217794635,-157.47176217794635,7.0162038950817829,7.0162038950817829,138.90529574662665,138.90529574662665,-149.68943134633452,-149.68943134633452,9.1716531117566262,9.1716531117566262,153.93050667987828,153.93050667987828
2026-08-17|2026-08-24,2026-08-17,2026-08-24,0,1.8479018142223678,1.5355086372359494,5.0863045981772519,3.1558950657859417,320.38250399641714,320.38250399641714,728.63552198563298,728.63552198563298,401.68482911707861,401.68482911707861,1411.0475040979277,1411.0475040979277,-116.79248397202856,-116.79248397202856,2.9780878046525849,2.9780878046525849,116.35259276026559,116.35259276026559,-88.984780946862401,-88.984780946862401,2.9780878046525849,2.9780878046525849,90.029894975126268,90.029894975126268,-158.006951106418,-158.006951106418,7.6422527387042019,7.6422527387042019,138.11418797429053,138.11418797429053,-149.68943134633452,-149.68943134633452,9.1716531117566262,9.1716531117566262,154.86294087419748,154.86294087419748
2026-08-18|2026-08-25,2026-08-18,2026-08-25,0,1.8479018142223678,1.5355086372359494,8.8377880134967608,4.1242013935159401,329.68589408478903,329.68589408478903,697.81940206998411,697.81940206998411,315.29678660251193,315.29678660251193,1411.0475040979277,1411.0475040979277,-116.79248397202856,-116.79248397202856,3.8183254010282219,3.8183254010282219,116.35259276026559,116.35259276026559,-86.794363710977379,-86.794363710977379,3.8183254010282219,3.8183254010282219,88.363256619670778,88.363256619670778,-158.11151680659316,-158.11151680659316,8.5079047235315262,8.5079047235315262,138.21963394191789,138.21963394191789,-149.68943134633452,-149.68943134633452,9.1716531117566262,9.1716531117566262,154.86294087419748,154.86294087419748
2026-08-19|2026-08-26,2026-08-19,2026-08-26,0,1.8479018142223678,1.5355086372359494,9.8664910439081588,4.1242013935159401,451.4501908613459,451.4501908613459,693.6058932610531,693.6058932610531,502.914057890815,502.914057890815,1411.0475040979277,1411.0475040979277,-116.79248397202856,-116.79248397202856,4.262763742038933,4.262763742038933,116.35259276026559,116.35259276026559,-86.420741752686013,-86.420741752686013,4.262763742038933,4.262763742038933,88.230198592002282,88.230198592002282,-158.76461737518736,-158.76461737518736,8.8717350639740982,8.8717350639740982,138.65654007787563,138.65654007787563,-149.68943134633452,-149.68943134633452,8.0856189661902338,8.0856189661902338,154.86294087419748,154.86294087419748
2026-08-20|2026-08-27,2026-08-20,2026-08-27,0,1.8479018142223678,1.5355086372359494,0.85135255687760436,3.1558950657859417,1291.0560590259395,1291.0560590259395,909.31819188836869,909.31819188836869,1252.1338644230391,1252.1338644230391,1411.0475040979277,1411.0475040979277,-116.79248397202856,-116.79248397202856,4.262763742038933,4.262763742038933,123.04780219523938,123.04780219523938,-99.834889826918442,-99.834889826918442,4.262763742038933,4.262763742038933,106.40822224610352,106.40822224610352,-164.85232883992649,-164.85232883992649,8.7508831261412734,8.7508831261412734,141.3726205227652,141.3726205227652,-149.68943134633452,-149.68943134633452,4.9039081969291693,4.9039081969291693,155.49735880164911,155.49735880164911
2026-08-21|2026-08-28,2026-08-21,2026-08-28,0,1.8479018142223678,1.5355086372359494,0.74189073342167378,3.1558950657859417,1174.8288728968948,1174.8288728968948,869.00651990464974,869.00651990464974,1176.9867998980712,1176.9867998980712,1411.0475040979277,1411.0475040979277,-116.79248397202856,-116.79248397202856,4.3214249917578051,4.3214249917578051,123.04780219523938,123.04780219523938,-97.655185885384668,-97.655185885384668,4.3214249917578051,4.3214249917578051,104.28775976303849,104.28775976303849,-165.02839224918188,-165.02839224918188,8.741187485566833,8.741187485566833,141.16536393196469,141.16536393196469,-149.68943134633452,-149.68943134633452,4.9039081969291693,4.9039081969291693,155.49735880164911,155.49735880164911
2026-08-24|2026-08-31,2026-08-24,2026-08-31,0,1.8479018142223678,1.5355086372359494,4.1953209285854065,3.1558950657859417,1252.7855463192134,1252.7855463192134,870.56805413481572,870.56805413481572,960.54762433647829,960.54762433647829,1411.0475040979277,1411.0475040979277,-116.79248397202856,-116.79248397202856,5.2107234867926344,5.2107234867926344,123.04780219523938,123.04780219523938,-97.945823521876349,-97.945823521876349,5.2107234867926344,5.2107234867926344,104.84471182480353,104.84471182480353,-165.78959556562793,-165.78959556562793,8.503542840397726,8.503542840397726,141.74432602525997,141.74432602525997,-161.11886777210785,-161.11886777210785,4.9039081969291693,4.9039081969291693,155.49735880164911,155.49735880164911
2026-08-25|2026-09-01,2026-08-25,2026-09-01,0,1.8479018142223678,1.5355086372359494,3.703834489211272,3.1558950657859417,1210.3668655231545,1210.3668655231545,818.51037805139822,818.51037805139822,932.56129092669198,932.56129092669198,1411.0475040979277,1411.0475040979277,-116.79248397202856,-116.79248397202856,5.2107234867926344,5.2107234867926344,123.04780219523938,123.04780219523938,-95.659552045661883,-95.659552045661883,5.2107234867926344,5.2107234867926344,102.63651125776111,102.63651125776111,-165.00419700252633,-165.00419700252633,8.3745379206817372,8.3745379206817372,141.73708317567215,141.73708317567215,-149.68943134633452,-149.68943134633452,4.9039081969291693,4.9039081969291693,155.49735880164911,155.49735880164911
2026-08-26|2026-09-02,2026-08-26,2026-09-02,0,1.8479018142223678,1.5355086372359494,3.0953265520674087,3.1558950657859417,1092.0537779301083,1092.0537779301083,771.56148440566824,771.56148440566824,846.46793051703207,846.46793051703207,1411.0475040979277,1411.0475040979277,-116.79248397202856,-116.79248397202856,5.2107234867926344,5.2107234867926344,123.04780219523938,123.04780219523938,-92.756665178834581,-92.756665178834581,5.2107234867926344,5.2107234867926344,99.832751296585499,99.832751296585499,-164.96510922013607,-164.96510922013607,8.4615173210322645,8.4615173210322645,141.16931664120065,141.16931664120065,-149.68943134633452,-149.68943134633452,4.9039081969291693,4.9039081969291693,155.49735880164911,155.49735880164911
2026-08-27|2026-09-03,2026-08-27,2026-09-03,0,1.8479018142223678,1.5355086372359494,12.284185670125137,3.1558950657859417,318.89449400720861,318.89449400720861,750.64866238743684,750.64866238743684,374.86195910965534,374.86195910965534,1411.0475040979277,1411.0475040979277,-116.79248397202856,-116.79248397202856,4.3214249917578051,4.3214249917578051,123.04780219523938,123.04780219523938,-91.919304959588146,-91.919304959588146,4.3214249917578051,4.3214249917578051,98.664950886528729,98.664950886528729,-157.01770113679203,-157.01770113679203,8.4063310296173714,8.4063310296173714,140.99629905002558,140.99629905002558,-149.68943134633452,-149.68943134633452,5.9899423424955645,5.9899423424955645,149.12766534156776,149.12766534156776
2026-08-28|2026-09-04,2026-08-28,2026-09-04,0,1.8479018142223678,1.5355086372359494,11.268466827381067,3.1558950657859417,271.99303986424513,271.99303986424513,705.7867259308847,705.7867259308847,353.8013204887925,353.8013204887925,1411.0475040979277,1411.0475040979277,-116.79248397202856,-116.79248397202856,4.3214249917578051,4.3214249917578051,123.04780219523938,123.04780219523938,-89.543719743637013,-89.543719743637013,4.3214249917578051,4.3214249917578051,96.336195842280574,96.336195842280574,-156.85470525026869,-156.85470525026869,8.6072378844950013,8.6072378844950013,140.98714292737009,140.98714292737009,-149.68943134633452,-149.68943134633452,1.4224536147827906,1.4224536147827906,151.1907465863305,151.1907465863305
2026-08-31|2026-09-07,2026-08-31,2026-09-07,0,1.8479018142223678,1.5355086372359494,14.012638511733678,3.1558950657859417,418.8952937780096,418.8952937780096,761.21212397360614,761.21212397360614,80.960059496575468,80.960059496575468,1383.6004584088289,1383.6004584088289,-116.79248397202856,-116.79248397202856,4.262763742038933,4.262763742038933,123.04780219523938,123.04780219523938,-92.910029837910855,-92.910029837910855,4.262763742038933,4.262763742038933,99.613227600186093,99.613227600186093,-156.46021562975352,-156.46021562975352,8.6710646181818198,8.6710646181818198,137.23862118084543,137.23862118084543,-171.43158371628641,-171.43158371628641,-11.266476902768028,-11.266476902768028,150.76500266931305,150.76500266931305
2026-09-01|2026-09-08,2026-09-01,2026-09-08,0,1.8479018142223678,1.5355086372359494,15.244788742305232,3.1558950657859417,423.66173488298227,423.66173488298227,717.14573603135307,717.14573603135307,49.346313703193118,49.346313703193118,1383.6004584088289,1383.6004584088289,-116.79248397202856,-116.79248397202856,4.262763742038933,4.262763742038933,123.04780219523938,123.04780219523938,-90.05540490584616,-90.05540490584616,4.262763742038933,4.262763742038933,96.812136869070557,96.812136869070557,-156.1948587579036,-156.1948587579036,8.6819960890501982,8.6819960890501982,136.70442863489524,136.70442863489524,-171.43158371628641,-171.43158371628641,-12.303887592529032,-12.303887592529032,150.76500266931305,150.76500266931305
2026-09-02|2026-09-09,2026-09-02,2026-09-09,0,1.8479018142223678,1.5355086372359494,17.997379271805023,3.1558950657859417,437.89601263766394,437.89601263766394,680.54900423323045,680.54900423323045,88.010731714332451,88.010731714332451,1383.6004584088289,1383.6004584088289,-116.79248397202856,-116.79248397202856,3.8183254010282219,3.8183254010282219,123.04780219523938,123.04780219523938,-87.992465714765885,-87.992465714765885,3.8183254010282219,3.8183254010282219,94.577625050037042,94.577625050037042,-154.81155506329699,-154.81155506329699,8.6374735884170697,8.6374735884170697,136.19213702616372,136.19213702616372,-171.43158371628641,-171.43158371628641,-12.303887592529032,-12.303887592529032,150.76500266931305,150.76500266931305
2026-09-03|2026-09-10,2026-09-03,2026-09-10,0,1.8479018142223678,1.5355086372359494,20.594775103430788,6.5399916623066838,557.5451392152745,557.5451392152745,700.99166899862837,700.99166899862837,682.2075386785682,682.2075386785682,1411.0475040979277,1411.0475040979277,-116.79248397202856,-116.79248397202856,2.9780878046525849,2.9780878046525849,123.04780219523938,123.04780219523938,-89.502486646151283,-89.502486646151283,2.9780878046525849,2.9780878046525849,95.689644544063142,95.689644544063142,-156.44475559370724,-156.44475559370724,8.5078117368778443,8.5078117368778443,136.90686131787032,136.90686131787032,-149.68943134633452,-149.68943134633452,6.260770997995305,6.260770997995305,148.19523114724856,148.19523114724856
2026-09-04|2026-09-11,2026-09-04,2026-09-11,0,1.8479018142223678,1.5355086372359494,20.299144010058203,3.1558950657859417,564.21939249467857,564.21939249467857,661.11142812922594,661.11142812922594,582.25995559233934,582.25995559233934,1411.0475040979277,1411.0475040979277,-116.79248397202856,-116.79248397202856,2.1661367393444042,2.1661367393444042,123.04780219523938,123.04780219523938,-87.058961394637151,-87.058961394637151,2.1661367393444042,2.1661367393444042,92.833617569257896,92.833617569257896,-156.51076357867746,-156.51076357867746,8.1648258154883635,8.1648258154883635,136.47330637242496,136.47330637242496,-149.68943134633452,-149.68943134633452,6.9431838869626201,6.9431838869626201,148.19523114724856,148.19523114724856
2026-09-07|2026-09-14,2026-09-07,2026-09-14,0,1.8479018142223678,1.5355086372359494,21.274555099013298,6.5399916623066838,238.31072049943023,238.31072049943023,621.44474244147239,621.44474244147239,503.59063213742411,503.59063213742411,1411.0475040979277,1411.0475040979277,-116.79248397202856,-116.79248397202856,2.1661367393444042,2.1661367393444042,123.04780219523938,123.04780219523938,-84.486148013610318,-84.486148013610318,2.1661367393444042,2.1661367393444042,90.219212959100858,90.219212959100858,-156.08105597122727,-156.08105597122727,8.5216801398271098,8.5216801398271098,135.58661765783319,135.58661765783319,-149.68943134633452,-149.68943134633452,2.7793164158489279,2.7793164158489279,148.19523114724856,148.19523114724856
2026-09-08|2026-09-15,2026-09-08,2026-09-15,0,1.8479018142223678,1.5355086372359494,22.513922122868358,6.5399916623066838,242.4327611964481,242.4327611964481,587.0010096002527,587.0010096002527,451.59059727737622,451.59059727737622,1411.0475040979277,1411.0475040979277,-116.79248397202856,-116.79248397202856,2.1661367393444042,2.1661367393444042,123.04780219523938,123.04780219523938,-82.094213425431718,-82.094213425431718,2.1661367393444042,2.1661367393444042,87.788611167053119,87.788611167053119,-155.99361050372147,-155.99361050372147,8.1602209089673217,8.1602209089673217,135.53388478072608,135.53388478072608,-149.68943134633452,-149.68943134633452,7.3468051435617001,7.3468051435617001,148.19523114724856,148.19523114724856
2026-09-09|2026-09-16,2026-09-09,2026-09-16,0,1.8479018142223678,1.5355086372359494,17.822603755086107,6.5399916623066838,435.10104082341036,435.10104082341036,616.01344527608478,616.01344527608478,798.89251871442593,798.89251871442593,1411.0475040979277,1411.0475040979277,-116.79248397202856,-116.79248397202856,2.1661367393444042,2.1661367393444042,123.04780219523938,123.04780219523938,-84.111449056360428,-84.111449056360428,2.1661367393444042,2.1661367393444042,89.838456745502427,89.838456745502427,-157.49132226548184,-157.49132226548184,8.0128992593022588,8.0128992593022588,136.30661093178369,136.30661093178369,-149.68943134633452,-149.68943134633452,6.260770997995305,6.260770997995305,148.19523114724856,148.19523114724856
2026-09-10|2026-09-17,2026-09-10,2026-09-17,0,1.8479018142223678,1.5355086372359494,7.915846066571584,3.1558950657859417,421.76138365220203,421.76138365220203,636.32634642754897,636.32634642754897,99.94714529895964,99.94714529895964,1411.0475040979277,1411.0475040979277,-116.79248397202856,-116.79248397202856,1.7546942921664588,1.7546942921664588,123.04780219523938,123.04780219523938,-85.737853687939023,-85.737853687939023,1.7546942921664588,1.7546942921664588,91.273847917360342,91.273847917360342,-158.83289371318483,-158.83289371318483,7.8581513937367227,7.8581513937367227,127.88465391123829,127.88465391123829,-149.68943134633452,-149.68943134633452,-13.402750048672866,-13.402750048672866,153.93050667987828,153.93050667987828
2026-09-11|2026-09-18,2026-09-11,2026-09-18,0,1.8479018142223678,1.5355086372359494,13.049767215043559,3.1558950657859417,499.87386800444597,499.87386800444597,623.75977021808467,623.75977021808467,105.02101692677707,105.02101692677707,1411.0475040979277,1411.0475040979277,-116.79248397202856,-116.79248397202856,1.7536168482035208,1.7536168482035208,123.04780219523938,123.04780219523938,-84.985981285584359,-84.985981285584359,1.7536168482035208,1.7536168482035208,90.503974896010931,90.503974896010931,-158.34258930855535,-158.34258930855535,7.8942985397143479,7.8942985397143479,128.20675581920261,128.20675581920261,-149.68943134633452,-149.68943134633452,-13.402750048672866,-13.402750048672866,148.19523114724856,148.19523114724856
2026-09-14|2026-09-21,2026-09-14,2026-09-21,0,1.8479018142223678,1.5355086372359494,6.5257621237815417,3.1558950657859417,750.07021483414871,750.07021483414871,661.39308805391033,661.39308805391033,102.93509030601626,102.93509030601626,1411.0475040979277,1411.0475040979277,-116.79248397202856,-116.79248397202856,1.7520816848570764,1.7520816848570764,123.04780219523938,123.04780219523938,-87.472731576522136,-87.472731576522136,1.7520816848570764,1.7520816848570764,93.047603769505898,93.047603769505898,-159.41399429770468,-159.41399429770468,7.2929970012042364,7.2929970012042364,129.13109908619052,129.13109908619052,-149.68943134633452,-149.68943134633452,-14.550485253348805,-14.550485253348805,153.93050667987828,153.93050667987828
2026-09-15|2026-09-22,2026-09-15,2026-09-22,0,1.8479018142223678,1.5355086372359494,3.9310945874371033,3.1558950657859417,762.17877212445831,762.17877212445831,628.18502166303722,628.18502166303722,109.75063156686929,109.75063156686929,1411.0475040979277,1411.0475040979277,-116.79248397202856,-116.79248397202856,1.3058279704480924,1.3058279704480924,123.04780219523938,123.04780219523938,-85.344893737900364,-85.344893737900364,1.3058279704480924,1.3058279704480924,90.629966099666603,90.629966099666603,-159.22526769066602,-159.22526769066602,7.5461368736270806,7.5461368736270806,126.81012027350822,126.81012027350822,-149.68943134633452,-149.68943134633452,-14.550485253348805,-14.550485253348805,153.93050667987828,153.93050667987828
2026-09-16|2026-09-23,2026-09-16,2026-09-23,0,1.8479018142223678,1.5355086372359494,2.0432254481831547,3.1558950657859417,548.67128409481916,548.67128409481916,590.67417020621042,590.67417020621042,-62.829883711311595,0.0001,1411.0475040979277,1411.0475040979277,-116.79248397202856,-116.79248397202856,-1.287144979639776,-1.287144979639776,123.04780219523938,123.04780219523938,-84.146798918756545,-84.146798918756545,-1.287144979639776,-1.287144979639776,87.906573555983272,87.906573555983272,-158.43049094971843,-158.43049094971843,7.4064921157654355,7.4064921157654355,125.12171991475091,125.12171991475091,-149.68943134633452,-149.68943134633452,-26.630526381693308,-26.630526381693308,163.17213785393849,163.17213785393849
2026-09-17|2026-09-24,2026-09-17,2026-09-24,0,1.8479018142223678,1.5355086372359494,8.8922532464749953,3.1558950657859417,828.97518064810572,828.97518064810572,696.59859682785304,696.59859682785304,-8.7813191367122272,0.0001,1411.0475040979277,1411.0475040979277,-117.70377354803412,-117.70377354803412,-3.8639140188240217,-3.8639140188240217,123.04780219523938,123.04780219523938,-92.413939135889535,-92.413939135889535,-3.8639140188240217,-3.8639140188240217,94.854019268168884,94.854019268168884,-154.40852820192163,-154.40852820192163,7.5525828968592181,7.5525828968592181,127.03316974386095,127.03316974386095,-149.68943134633452,-149.68943134633452,-14.550485253348805,-14.550485253348805,163.17213785393849,163.17213785393849
2026-09-18|2026-09-25,2026-09-18,2026-09-25,0,1.8479018142223678,1.5355086372359494,2.0820155251668169,3.1558950657859417,810.51129067122906,810.51129067122906,674.87651860130745,674.87651860130745,1.5725887267426515,1.5725887267426515,1411.0475040979277,1411.0475040979277,-117.70377354803412,-117.70377354803412,-3.8639140188240217,-3.8639140188240217,123.04780219523938,123.04780219523938,-90.987725948749471,-90.987725948749471,-3.8639140188240217,-3.8639140188240217,93.264038711133566,93.264038711133566,-154.40558515655499,-154.40558515655499,7.7910401899753783,7.7910401899753783,125.14768167318616,125.14768167318616,-149.68943134633452,-149.68943134633452,-26.630526381693308,-26.630526381693308,163.17213785393849,163.17213785393849
2026-09-21|2026-09-28,2026-09-21,2026-09-28,0,1.8479018142223678,1.5355086372359494,0.99184774232116002,3.1558950657859417,697.3725902876306,697.3725902876306,675.50122141906024,675.50122141906024,193.92718983393252,193.92718983393252,1411.0475040979277,1411.0475040979277,-117.70377354803412,-117.70377354803412,-3.8639140188240217,-3.8639140188240217,123.04780219523938,123.04780219523938,-91.072964284838747,-91.072964284838747,-3.8639140188240217,-3.8639140188240217,93.359064685032862,93.359064685032862,-154.28205528502389,-154.28205528502389,8.0007244984975792,8.0007244984975792,125.66555428029952,125.66555428029952,-149.68943134633452,-149.68943134633452,-25.482791177017372,-25.482791177017372,163.17213785393849,163.17213785393849
2026-09-22|2026-09-29,2026-09-22,2026-09-29,0,1.8479018142223678,1.5355086372359494,-1.2884895646192294,3.1558950657859417,786.22525611346907,786.22525611346907,668.10246677402972,668.10246677402972,398.92910517490327,398.92910517490327,1411.0475040979277,1411.0475040979277,-117.70377354803412,-117.70377354803412,-3.8639140188240217,-3.8639140188240217,123.04780219523938,123.04780219523938,-90.542804285151959,-90.542804285151959,-3.8639140188240217,-3.8639140188240217,92.768028156118007,92.768028156118007,-155.7203979153054,-155.7203979153054,8.0291373600149107,8.0291373600149107,126.03059507888655,126.03059507888655,-149.68943134633452,-149.68943134633452,-26.630526381693308,-26.630526381693308,163.17213785393849,163.17213785393849
2026-09-23|2026-09-30,2026-09-23,2026-09-30,0,1.8479018142223678,1.5355086372359494,0.033121608880413156,3.1558950657859417,1197.1909996501663,1197.1909996501663,751.48629167155275,751.48629167155275,453.18844664738072,453.18844664738072,1411.0475040979277,1411.0475040979277,-117.70377354803412,-117.70377354803412,-3.8639140188240217,-3.8639140188240217,123.04780219523938,123.04780219523938,-95.983344866002099,-95.983344866002099,-3.8639140188240217,-3.8639140188240217,98.833288119573794,98.833288119573794,-158.31133132290216,-158.31133132290216,7.9061099621957887,7.9061099621957887,127.62606074720067,127.62606074720067,-149.68943134633452,-149.68943134633452,-15.381504099928353,-15.381504099928353,153.93050667987828,153.93050667987828
