sample_id,decision_date,endpoint_date,actual_return_5obs_bps,return_zero_bps,return_linear_bps,return_boosting_bps,return_zero_error_bps,return_ridge_error_bps,return_hgb_error_bps,actual_rms_5obs_bps,movement_ewma_predicted_rms_bps,movement_ridge_predicted_rms_bps,movement_hgb_predicted_rms_bps,movement_ridge_raw_bps2,movement_ridge_floor_clipped,movement_ewma_rms_error_bps,movement_ridge_rms_error_bps,movement_hgb_rms_error_bps,quantiles_ewma_scaled_empirical_raw_q05_bps,quantiles_ewma_scaled_empirical_raw_q50_bps,quantiles_ewma_scaled_empirical_raw_q95_bps,quantiles_ewma_scaled_empirical_q05_bps,quantiles_ewma_scaled_empirical_q50_bps,quantiles_ewma_scaled_empirical_q95_bps,quantiles_rolling_empirical_raw_q05_bps,quantiles_rolling_empirical_raw_q50_bps,quantiles_rolling_empirical_raw_q95_bps,quantiles_rolling_empirical_q05_bps,quantiles_rolling_empirical_q50_bps,quantiles_rolling_empirical_q95_bps,quantiles_linear_raw_q05_bps,quantiles_linear_raw_q50_bps,quantiles_linear_raw_q95_bps,quantiles_linear_q05_bps,quantiles_linear_q50_bps,quantiles_linear_q95_bps,quantiles_boosting_raw_q05_bps,quantiles_boosting_raw_q50_bps,quantiles_boosting_raw_q95_bps,quantiles_boosting_q05_bps,quantiles_boosting_q50_bps,quantiles_boosting_q95_bps,quantile_ewma_median_error_bps,quantile_rolling_median_error_bps,quantile_ridge_median_error_bps,quantile_hgb_median_error_bps,window_largest_combined_return_error,window_high_actual_rms,window_quiet_low_actual_rms
2026-01-02|2026-01-09,2026-01-02,2026-01-09,-67.400392457981354,0,4.3064106656738481,3.1558950657859417,67.400392457981354,71.706803123655206,70.556287523767296,31.522261647489273,26.668712093853973,3.0637801412355916,37.196780215615824,9.3867487538295808,False,-4.8535495536353004,-28.458481506253683,5.6745185681265511,-57.558629116455677,16.670941266991868,123.987168862537,-57.558629116455677,16.670941266991868,123.987168862537,-120.48248773107478,16.670941266991868,214.95834244462415,-120.48248773107478,16.670941266991868,214.95834244462415,-158.05580566673285,6.1948694144456447,132.67939840617197,-158.05580566673285,6.1948694144456447,132.67939840617197,-149.68943134633452,6.3794054527322732,150.76500266931305,-149.68943134633452,6.3794054527322732,150.76500266931305,84.071333724973215,84.071333724973215,73.595261872427002,73.779797910713626,False,False,False
2026-01-05|2026-01-12,2026-01-05,2026-01-12,24.005486968450285,0,5.7972602125691477,3.1558950657859417,-24.005486968450285,-18.208226755881135,-20.849591902664343,29.825659022453163,28.468288936639819,9.206555675904557,37.196780215615824,84.760667413530413,False,-1.3573700858133435,-20.619103346548606,7.3711211931626615,-63.106196962657002,16.670941266991868,132.00747735293106,-63.106196962657002,16.670941266991868,132.00747735293106,-120.48248773107478,16.670941266991868,214.95834244462415,-120.48248773107478,16.670941266991868,214.95834244462415,-158.29007693670468,5.1735102023954838,133.66383665766716,-158.29007693670468,5.1735102023954838,133.66383665766716,-149.68943134633452,4.1534893869822369,150.76500266931305,-149.68943134633452,4.1534893869822369,150.76500266931305,-7.334545701458417,-7.334545701458417,-18.831976766054801,-19.851997581468048,False,False,False
2026-01-06|2026-01-13,2026-01-06,2026-01-13,-45.272059451610943,0,2.670033559569827,3.1558950657859417,45.272059451610943,47.942093011180773,48.427954517396884,28.792655581232214,29.040679715709963,18.803916784990943,37.196780215615824,353.58728645686409,False,0.24802413447774896,-9.9887387962412717,8.40412463438361,-64.641690631084316,16.670941266991868,134.22739304341991,-64.641690631084316,16.670941266991868,134.22739304341991,-120.48248773107478,16.670941266991868,214.95834244462415,-120.48248773107478,16.670941266991868,214.95834244462415,-159.93646703582874,5.1144923056153697,134.51816214040883,-159.93646703582874,5.1144923056153697,134.51816214040883,-149.68943134633452,6.3386352814191769,150.76500266931305,-149.68943134633452,6.3386352814191769,150.76500266931305,61.943000718602811,61.943000718602811,50.386551757226314,51.610694733030122,False,False,False
2026-01-07|2026-01-14,2026-01-07,2026-01-14,-28.243752139678335,0,3.0666726936091511,4.1242013935159401,28.243752139678335,31.310424833287485,32.367953533194274,27.443513000778058,28.564281788766223,16.999051775044308,37.196780215615824,288.96776125063707,False,1.1207687879881654,-10.44446122573375,9.7532672148377664,-63.282344852811512,16.670941266991868,132.26214037970928,-63.282344852811512,16.670941266991868,132.26214037970928,-120.48248773107478,16.670941266991868,214.95834244462415,-120.48248773107478,16.670941266991868,214.95834244462415,-159.87656105232972,5.4633527083160702,133.83320164879061,-159.87656105232972,5.4633527083160702,133.83320164879061,-149.68943134633452,4.1534893869822369,150.76500266931305,-149.68943134633452,4.1534893869822369,150.76500266931305,44.914693406670203,44.914693406670203,33.707104847994408,32.397241526660572,False,False,False
2026-01-08|2026-01-15,2026-01-08,2026-01-15,-43.683083511776303,0,6.063642865879137,6.4372688055515521,43.683083511776303,49.746726377655442,50.120352317327857,29.132220815034206,27.758298371571769,18.899108974756622,37.196780215615824,357.17632003972631,False,-1.3739224434624369,-10.233111840277584,8.0645594005816186,-58.490609010623551,16.670941266991868,129.99035961582007,-58.490609010623551,16.670941266991868,129.99035961582007,-114.84745769930872,16.670941266991868,214.95834244462415,-114.84745769930872,16.670941266991868,214.95834244462415,-159.6666693979528,5.5385709859800407,133.87525625182477,-159.6666693979528,5.5385709859800407,133.87525625182477,-149.68943134633452,4.1534893869822369,150.76500266931305,-149.68943134633452,4.1534893869822369,150.76500266931305,60.354024778768171,60.354024778768171,49.221654497756347,47.83657289875854,False,False,False
2026-01-09|2026-01-16,2026-01-09,2026-01-16,-21.473973544063885,0,5.3642279371705124,6.4372688055515521,21.473973544063885,26.838201481234396,27.911242349615435,26.384678628197882,27.788993031712948,14.712224508539496,37.196780215615824,216.44954998967023,False,1.4043144035150661,-11.672454119658386,10.812101587417942,-56.111031674697202,16.670941266991868,130.24230512155097,-56.111031674697202,16.670941266991868,130.24230512155097,-110.40112846415757,16.670941266991868,214.95834244462415,-110.40112846415757,16.670941266991868,214.95834244462415,-160.32431153004487,5.4988948889090956,134.30846030949289,-160.32431153004487,5.4988948889090956,134.30846030949289,-149.68943134633452,4.1534893869822369,150.76500266931305,-149.68943134633452,4.1534893869822369,150.76500266931305,38.144914811055756,38.144914811055756,26.97286843297298,25.627462931046121,False,False,False
2026-01-12|2026-01-19,2026-01-12,2026-01-19,-52.172425590146787,0,1.5458583946224196,6.4372688055515521,52.172425590146787,53.718283984769208,58.609694395698341,18.875720402427579,28.923450956597211,19.37224633257107,37.196780215615824,375.28392796981331,False,10.047730554169632,0.49652593014349122,18.321059813188246,-58.417677675834817,18.483185615247866,135.71319365269761,-58.417677675834817,18.483185615247866,135.71319365269761,-110.40112846415757,18.483185615247866,214.95834244462415,-110.40112846415757,18.483185615247866,214.95834244462415,-162.03590122817411,6.1270478821710164,133.07389253646045,-162.03590122817411,6.1270478821710164,133.07389253646045,-149.68943134633452,6.3386352814191769,150.76500266931305,-149.68943134633452,6.3386352814191769,150.76500266931305,70.655611205394649,70.655611205394649,58.2994734723178,58.511060871565967,False,False,False
2026-01-13|2026-01-20,2026-01-13,2026-01-20,63.497511584005295,0,3.1107730911370903,6.4372688055515521,-63.497511584005295,-60.386738492868204,-57.060242778453741,39.192739768982712,29.150478383421923,15.307725022257406,37.196780215615824,234.32644535704549,False,-10.042261385560789,-23.885014746725304,-1.9959595533668875,-59.00053468469963,18.483185615247866,136.60171855228518,-59.00053468469963,18.483185615247866,136.60171855228518,-110.40112846415757,18.483185615247866,214.95834244462415,-110.40112846415757,18.483185615247866,214.95834244462415,-157.48803284489418,6.0751751115821193,133.43388998443874,-157.48803284489418,6.0751751115821193,133.43388998443874,-149.68943134633452,6.3386352814191769,150.76500266931305,-149.68943134633452,6.3386352814191769,150.76500266931305,-45.014325968757433,-45.014325968757433,-57.422336472423176,-57.158876302586116,False,False,False
2026-01-14|2026-01-21,2026-01-14,2026-01-21,75.529997425112242,0,5.7352494554631139,6.4372688055515521,-75.529997425112242,-69.794747969649123,-69.092728619560688,39.399741640631191,28.26947053206607,14.733699056351229,37.196780215615824,217.08188788312509,False,-11.130271108565122,-24.666042584279964,-2.2029614250153671,-56.699002351671432,18.483185615247866,133.09319286931492,-56.699002351671432,18.483185615247866,133.09319286931492,-110.40112846415757,18.483185615247866,214.95834244462415,-110.40112846415757,18.483185615247866,214.95834244462415,-157.47343164096378,6.2539877865367526,132.88899054155087,-157.47343164096378,6.2539877865367526,132.88899054155087,-149.68943134633452,6.3386352814191769,150.76500266931305,-149.68943134633452,6.3386352814191769,150.76500266931305,-57.04681180986438,-57.04681180986438,-69.276009638575488,-69.19136214369307,False,False,False
2026-01-15|2026-01-22,2026-01-15,2026-01-22,70.543702684102698,0,2.9232075068125742,6.4372688055515521,-70.543702684102698,-67.620495177290124,-64.106433878551144,40.037275505917094,27.989912066221411,14.614438368344253,37.196780215615824,213.58180882213264,False,-12.047363439695683,-25.422837137572841,-2.8404952903012699,-56.7067314581193,16.670941266991868,131.17185448819589,-56.7067314581193,16.670941266991868,131.17185448819589,-110.40112846415757,16.670941266991868,214.95834244462415,-110.40112846415757,16.670941266991868,214.95834244462415,-157.6453010339923,6.0296287069784604,132.93245879695891,-157.6453010339923,6.0296287069784604,132.93245879695891,-149.68943134633452,6.3386352814191769,150.76500266931305,-149.68943134633452,6.3386352814191769,150.76500266931305,-53.87276141711083,-53.87276141711083,-64.514073977124241,-64.205067402683525,False,False,False
2026-01-16|2026-01-23,2026-01-16,2026-01-23,107.6009296720315,0,4.9731975962189896,6.4372688055515521,-107.6009296720315,-102.6277320758125,-101.16366086647994,42.247905679038375,27.177287443305087,15.098781444642871,37.196780215615824,227.97320111309185,False,-15.070618235733289,-27.149124234395504,-5.0511254634225509,-55.237893137993673,15.374772136225181,127.42428064419776,-55.237893137993673,15.374772136225181,127.42428064419776,-110.40112846415757,15.374772136225181,214.95834244462415,-110.40112846415757,15.374772136225181,214.95834244462415,-157.20489770584956,6.2004556537614244,131.71094990856977,-157.20489770584956,6.2004556537614244,131.71094990856977,-149.68943134633452,-12.432404581433673,150.76500266931305,-149.68943134633452,-12.432404581433673,150.76500266931305,-92.226157535806323,-92.226157535806323,-101.40047401827007,-120.03333425346517,True,False,False
2026-01-19|2026-01-26,2026-01-19,2026-01-26,176.25311667096577,0,4.4969616464880886,6.4372688055515521,-176.25311667096577,-171.75615502447766,-169.81584786541421,55.11427681150068,26.514197922504785,16.072120718717461,37.196780215615824,258.31306439702712,False,-28.600078888995895,-39.042156092783216,-17.917496595884856,-54.245446361570167,14.632660628212111,124.98726033372448,-54.245446361570167,14.632660628212111,124.98726033372448,-110.40112846415757,14.632660628212111,214.95834244462415,-110.40112846415757,14.632660628212111,214.95834244462415,-154.93041836337386,6.4318212875292531,131.53955890926289,-154.93041836337386,6.4318212875292531,131.53955890926289,-149.68943134633452,-12.432404581433673,150.76500266931305,-149.68943134633452,-12.432404581433673,150.76500266931305,-161.62045604275366,-161.62045604275366,-169.82129538343651,-188.68552125239944,True,False,False
2026-01-20|2026-01-27,2026-01-20,2026-01-27,171.38472032742104,0,4.5032517253523725,6.4372688055515521,-171.38472032742104,-166.88146860206865,-164.94745152186948,53.677873516008638,32.834955072451237,34.980457995954183,37.196780215615824,1223.632441606715,False,-20.842918443557402,-18.697415520054456,-16.481093300392814,-70.262043681156797,14.632660628212111,150.64860997141943,-70.262043681156797,14.632660628212111,150.64860997141943,-110.40112846415757,14.632660628212111,214.95834244462415,-110.40112846415757,14.632660628212111,214.95834244462415,-163.24785178147147,7.015920884783589,136.58779478581309,-163.24785178147147,7.015920884783589,136.58779478581309,-149.68943134633452,6.3386352814191769,150.76500266931305,-149.68943134633452,6.3386352814191769,150.76500266931305,-156.75205969920893,-156.75205969920893,-164.36879944263745,-165.04608504600185,True,False,False
2026-01-21|2026-01-28,2026-01-21,2026-01-28,200.18740948973601,0,3.7029722477371543,6.4372688055515521,-200.18740948973601,-196.48443724199885,-193.75014068418446,56.109962449148483,31.917463134435174,35.123856602632216,37.196780215615824,1233.6853026422707,False,-24.192499314713309,-20.986105846516267,-18.913182233532659,-68.184363866423226,14.632660628212111,147.31980878492399,-68.184363866423226,14.632660628212111,147.31980878492399,-110.40112846415757,14.632660628212111,214.95834244462415,-110.40112846415757,14.632660628212111,214.95834244462415,-163.30224762315592,7.1294771656727134,136.46626779956117,-163.30224762315592,7.1294771656727134,136.46626779956117,-149.68943134633452,6.3386352814191769,150.76500266931305,-149.68943134633452,6.3386352814191769,150.76500266931305,-185.5547488615239,-185.5547488615239,-193.0579323240633,-193.84877420831683,True,False,False
2026-01-22|2026-01-29,2026-01-22,2026-01-29,223.81684606184837,0,5.2178370458019767,6.4372688055515521,-223.81684606184837,-218.59900901604638,-217.37957725629681,54.729326668064864,31.701989109509661,30.243320693441287,37.196780215615824,914.65844656633408,False,-23.027337558555203,-24.486005974623577,-17.53254645244904,-67.785803800250079,14.632660628212111,146.6812468603394,-67.785803800250079,14.632660628212111,146.6812468603394,-110.40112846415757,14.632660628212111,214.95834244462415,-110.40112846415757,14.632660628212111,214.95834244462415,-163.39828185140627,6.6371366420257631,136.61383038028515,-163.39828185140627,6.6371366420257631,136.61383038028515,-161.11886777210785,6.3386352814191769,150.76500266931305,-161.11886777210785,6.3386352814191769,150.76500266931305,-209.18418543363626,-209.18418543363626,-217.17970941982261,-217.47821078042918,True,False,False
2026-01-23|2026-01-30,2026-01-23,2026-01-30,150.74092999489031,0,1.3541804464104461,6.4372688055515521,-150.74092999489031,-149.38674954847986,-144.30366118933875,56.048211570394791,31.645879098828573,30.772312876898177,37.196780215615824,946.93523979371332,False,-24.402332471566218,-25.275898693496615,-18.851431354778967,-68.338181416947336,14.632660628212111,147.56625101392265,-68.338181416947336,14.632660628212111,147.56625101392265,-110.40112846415757,14.632660628212111,214.95834244462415,-110.40112846415757,14.632660628212111,214.95834244462415,-162.73046927916076,5.5585432591440656,137.22340689881722,-162.73046927916076,5.5585432591440656,137.22340689881722,-149.68943134633452,6.3386352814191769,150.76500266931305,-149.68943134633452,6.3386352814191769,150.76500266931305,-136.1082693666782,-136.1082693666782,-145.18238673574623,-144.40229471347112,True,False,False
2026-01-26|2026-02-02,2026-01-26,2026-02-02,3.3795201081443516,0,-0.044967925087046202,3.1558950657859417,-3.3795201081443516,-3.4244880332313978,-0.22362504235840985,52.328617861353528,36.412873990151404,42.345796002309804,37.563912257616721,1793.1664390692367,False,-15.915743871202125,-9.9828218590437245,-14.764705603736807,-80.176033125145111,15.374772136225181,166.99659133112431,-80.176033125145111,15.374772136225181,166.99659133112431,-110.40112846415757,15.374772136225181,214.95834244462415,-110.40112846415757,15.374772136225181,214.95834244462415,-170.36794847551221,5.4381632654585115,141.52216165765407,-170.36794847551221,5.4381632654585115,141.52216165765407,-149.68943134633452,4.9039081969291685,188.43542536671961,-149.68943134633452,4.9039081969291685,188.43542536671961,11.995252028080829,11.995252028080829,2.0586431573141599,1.5243880887848169,True,False,False
2026-01-27|2026-02-03,2026-01-27,2026-02-03,-107.30153407662146,0,-7.4980409973240176,3.1558950657859417,107.30153407662146,99.803493079297454,110.45742914240741,41.47906144880065,40.209134190350525,43.265226082613808,37.563912257616721,1871.8797879796864,False,-1.2699272584501244,1.7861646338131578,-3.9151491911839287,-89.369179885482311,16.670941266991868,182.13940407216748,-89.369179885482311,16.670941266991868,182.13940407216748,-110.40112846415757,16.670941266991868,214.95834244462415,-110.40112846415757,16.670941266991868,214.95834244462415,-175.75229121041625,4.755583786898808,141.9642481802565,-175.75229121041625,4.755583786898808,141.9642481802565,-149.68943134633452,4.9039081969291685,185.95860863857376,-149.68943134633452,4.9039081969291685,185.95860863857376,123.97247534361333,123.97247534361333,112.05711786352028,112.20544227355063,True,False,False
2026-01-28|2026-02-04,2026-01-28,2026-02-04,-128.61199265074342,0,-7.2965334339201604,3.1558950657859417,128.61199265074342,121.31545921682326,131.76788771652937,38.57134649100859,40.064327937148263,43.289395685784783,37.563912257616721,1873.9717788404423,False,1.4929814461396731,4.7180491947761922,-1.0074342333918693,-88.56024439009262,18.483185615247866,181.66343643224209,-88.56024439009262,18.483185615247866,181.66343643224209,-110.40112846415757,18.483185615247866,214.95834244462415,-110.40112846415757,18.483185615247866,214.95834244462415,-176.9123546731791,4.5097365277363597,142.8762338727137,-176.9123546731791,4.5097365277363597,142.8762338727137,-154.83746867524698,4.9039081969291685,188.00718404917589,-154.83746867524698,4.9039081969291685,188.00718404917589,147.09517826599128,147.09517826599128,133.12172917847977,133.51590084767258,True,False,False
2026-01-29|2026-02-05,2026-01-29,2026-02-05,-142.04545454545524,0,-6.9079377211077233,3.1558950657859417,142.04545454545524,135.13751682434753,145.2013496112412,39.395586320784389,38.863194308474313,41.520213899412632,37.563912257616721,1723.9281622529782,False,-0.53239201231007627,2.1246275786282425,-1.831674063167668,-85.205452558179985,19.408367536776215,182.53357507269109,-85.205452558179985,19.408367536776215,182.53357507269109,-108.98663192477636,19.408367536776215,219.61576761764991,-108.98663192477636,19.408367536776215,219.61576761764991,-176.76208212295032,4.3852823521739115,142.12371881443238,-176.76208212295032,4.3852823521739115,142.12371881443238,-154.83746867524698,4.9039081969291685,188.00718404917589,-154.83746867524698,4.9039081969291685,188.00718404917589,161.45382208223145,161.45382208223145,146.43073689762915,146.94936274238441,True,False,False
2026-01-30|2026-02-06,2026-01-30,2026-02-06,-104.87457001426282,0,-3.7284036640639089,3.1558950657859417,104.87457001426282,101.14616635019891,108.03046508004876,34.914943946472839,38.991080564725372,40.790296798540417,37.563912257616721,1663.8483129130163,False,4.0761366182525336,5.8753528520675786,2.6489683111438822,-85.646632001955012,19.809656853775337,183.4076233144682,-85.646632001955012,19.809656853775337,183.4076233144682,-108.98663192477636,19.809656853775337,219.61576761764991,-108.98663192477636,19.809656853775337,219.61576761764991,-177.74211672353616,5.0329323896029479,142.94099421091664,-177.74211672353616,5.0329323896029479,142.94099421091664,-149.68943134633452,4.9039081969291685,186.23696620549711,-149.68943134633452,4.9039081969291685,186.23696620549711,124.68422686803815,124.68422686803815,109.90750240386576,109.77847821119198,True,False,False
2026-02-02|2026-02-09,2026-02-02,2026-02-09,38.851351351352207,0,-3.1044239495580084,3.1558950657859417,-38.851351351352207,-41.955775300910219,-35.695456285566266,39.463986342849545,41.142121943596806,32.686079495939531,37.563912257616721,1068.3797928148788,False,1.678135600747261,-6.7779068469100139,-1.9000740852328235,-91.781296456546883,19.408367536776215,192.78734364429295,-91.781296456546883,19.408367536776215,192.78734364429295,-108.98663192477636,19.408367536776215,219.61576761764991,-108.98663192477636,19.408367536776215,219.61576761764991,-179.93514185443874,5.6736936232804807,145.62448987056655,-179.93514185443874,5.6736936232804807,145.62448987056655,-149.68943134633452,4.9039081969291685,163.65600702759426,-149.68943134633452,4.9039081969291685,163.65600702759426,-19.442983814575992,-19.442983814575992,-33.177657728071729,-33.947443154423041,True,False,False
2026-02-03|2026-02-10,2026-02-03,2026-02-10,78.806880772817053,0,-10.069984318463977,3.1558950657859417,-78.806880772817053,-88.876865091281033,-75.650985707031111,36.735111221764825,40.696598840774833,27.748471518292323,37.563912257616721,769.97767160148032,False,3.9614876190100077,-8.9866397034725019,0.82880103585189602,-90.815276930436966,19.408367536776215,191.28102129092329,-90.815276930436966,19.408367536776215,191.28102129092329,-108.98663192477636,19.408367536776215,219.61576761764991,-108.98663192477636,19.408367536776215,219.61576761764991,-179.92936258991392,4.6413276913877954,145.42247385120589,-179.92936258991392,4.6413276913877954,145.42247385120589,-149.68943134633452,2.7187623024922294,159.57308245046087,-149.68943134633452,2.7187623024922294,159.57308245046087,-59.398513236040841,-59.398513236040841,-74.165553081429252,-76.088118470324829,True,False,False
2026-02-04|2026-02-11,2026-02-04,2026-02-11,67.681895093063545,0,-16.575499669591345,3.1558950657859417,-67.681895093063545,-84.257394762654883,-64.526000027277604,36.093126573464311,39.65341859498821,28.461156226434134,37.563912257616721,810.03741374549054,False,3.5602920215238996,-7.6319703470301761,1.4707856841524105,-89.174046025803591,19.408367536776215,186.87687626370263,-89.174046025803591,19.408367536776215,186.87687626370263,-110.40112846415757,19.408367536776215,219.61576761764991,-110.40112846415757,19.408367536776215,219.61576761764991,-179.75002037674639,4.4857265148528125,145.19777893350684,-179.75002037674639,4.4857265148528125,145.19777893350684,-149.68943134633452,2.7187623024922294,159.57308245046087,-149.68943134633452,2.7187623024922294,159.57308245046087,-48.273527556287334,-48.273527556287334,-63.196168578210731,-64.963132790571322,True,False,False
2026-02-05|2026-02-12,2026-02-05,2026-02-12,64.417697914900259,0,-8.9129278912733696,3.1558950657859417,-64.417697914900259,-73.330625806173629,-61.261802849114318,36.454109242209142,38.714797513458187,34.2032254080097,37.563912257616721,1169.8606283111203,False,2.2606882712490446,-2.2508838341994419,1.1098030154075786,-90.66232358543617,18.483185615247866,183.1318930223604,-90.66232358543617,18.483185615247866,183.1318930223604,-114.84745769930872,18.483185615247866,219.61576761764991,-114.84745769930872,18.483185615247866,219.61576761764991,-179.97163743157034,4.5046079489074096,145.3699507647176,-179.97163743157034,4.5046079489074096,145.3699507647176,-149.68943134633452,2.7187623024922294,159.57308245046087,-149.68943134633452,2.7187623024922294,159.57308245046087,-45.934512299652397,-45.934512299652397,-59.913089965992853,-61.698935612408029,True,False,False
2026-02-06|2026-02-13,2026-02-06,2026-02-13,57.656435475665901,0,-6.5803712453215804,3.1558950657859417,-57.656435475665901,-64.236806720987488,-54.50054040987996,36.701904856057148,37.544574901626497,31.738597923608719,37.563912257616721,1007.3385981564998,False,0.84267004556934921,-4.9633069324484289,0.86200740155957334,-87.36354055698385,18.483185615247866,178.15559701505029,-87.36354055698385,18.483185615247866,178.15559701505029,-114.84745769930872,18.483185615247866,219.61576761764991,-114.84745769930872,18.483185615247866,219.61576761764991,-179.41007619740554,4.3065442090967512,145.33341805505685,-179.41007619740554,4.3065442090967512,145.33341805505685,-149.68943134633452,2.7187623024922294,165.44073070543365,-149.68943134633452,2.7187623024922294,165.44073070543365,-39.173249860418039,-39.173249860418039,-53.349891266569152,-54.937673173173671,False,False,False
2026-02-09|2026-02-16,2026-02-09,2026-02-16,-26.081103819620701,0,-12.64482403369454,3.1558950657859417,26.081103819620701,13.43627978592616,29.236998885406642,11.705330015784829,41.110988393486402,41.438392416182189,37.563912257616721,1717.1403660375056,False,29.40565837770157,29.733062400397358,25.85858224183189,-96.87500322652032,19.408367536776215,192.81455897928009,-96.87500322652032,19.408367536776215,192.81455897928009,-114.84745769930872,19.408367536776215,219.61576761764991,-114.84745769930872,19.408367536776215,219.61576761764991,-182.86638256025631,4.5898929485963453,148.99403005004916,-182.86638256025631,4.5898929485963453,148.99403005004916,-149.68943134633452,4.9039081969291685,163.37764946067091,-149.68943134633452,4.9039081969291685,163.37764946067091,45.489471356396919,45.489471356396919,30.670996768217044,30.98501201654987,False,False,False
2026-02-10|2026-02-17,2026-02-10,2026-02-17,-57.171683201613362,0,-8.2668607617982772,3.1558950657859417,57.171683201613362,48.904822439815085,60.327578267399304,15.736419292905653,39.892663852850553,41.952910516764376,37.563912257616721,1760.0467008276391,False,24.156244559944902,26.216491223858725,21.82749296471107,-93.461420543355004,19.408367536776215,187.72409446680297,-93.461420543355004,19.408367536776215,187.72409446680297,-114.84745769930872,19.408367536776215,219.61576761764991,-114.84745769930872,19.408367536776215,219.61576761764991,-182.31840234732496,5.0867794333591547,148.19030949364421,-182.31840234732496,5.0867794333591547,148.19030949364421,-149.68943134633452,4.9039081969291685,163.01590400349374,-149.68943134633452,4.9039081969291685,163.01590400349374,76.580050738389573,76.580050738389573,62.258462634972517,62.075591398542528,False,False,False
2026-02-11|2026-02-18,2026-02-11,2026-02-18,-46.218487394956711,0,1.9826843631804287,3.1558950657859417,46.218487394956711,48.201171758137136,49.374382460742652,17.15140049503291,38.697105923137983,41.711419447943129,37.563912257616721,1739.842512362248,False,21.545705428105073,24.56001895291022,20.412511762583812,-90.775016043565088,19.408367536776215,183.71802575788303,-90.775016043565088,19.408367536776215,183.71802575788303,-114.84745769930872,19.408367536776215,219.61576761764991,-114.84745769930872,19.408367536776215,219.61576761764991,-182.24589302571744,5.2721418991757831,147.83280920288215,-182.24589302571744,5.2721418991757831,147.83280920288215,-154.83746867524698,4.9039081969291685,163.01590400349374,-154.83746867524698,4.9039081969291685,163.01590400349374,65.626854931732922,65.626854931732922,51.490629294132496,51.122395591885876,False,False,False
2026-02-12|2026-02-19,2026-02-12,2026-02-19,-101.90331817416242,0,-1.4372406290378721,3.1558950657859417,101.90331817416242,100.46607754512455,105.05921323994836,37.486261738418442,37.898022263309215,37.578587383756982,37.563912257616721,1412.1502297586596,False,0.41176052489077364,0.092325645338540596,0.077650519198279255,-88.456010496137907,19.408367536776215,180.259836360089,-88.456010496137907,19.408367536776215,180.259836360089,-114.84745769930872,19.408367536776215,219.61576761764991,-114.84745769930872,19.408367536776215,219.61576761764991,-182.1085429991154,4.2564143268663299,146.79403684677777,-182.1085429991154,4.2564143268663299,146.79403684677777,-149.68943134633452,4.9039081969291685,163.01590400349374,-149.68943134633452,4.9039081969291685,163.01590400349374,121.31168571093863,121.31168571093863,106.15973250102876,106.80722637109159,False,False,False
2026-02-13|2026-02-20,2026-02-13,2026-02-20,-80.087674928340789,0,-0.3549180672850567,3.1558950657859417,80.087674928340789,79.732756861055734,83.24356999412673,37.592174122952784,36.826790501404929,39.455693277797288,37.563912257616721,1556.7517320316178,False,-0.76538362154785489,1.8635191548445036,-0.028261865336062897,-85.45518971734532,19.408367536776215,175.78489812054326,-85.45518971734532,19.408367536776215,175.78489812054326,-114.84745769930872,19.408367536776215,219.61576761764991,-114.84745769930872,19.408367536776215,219.61576761764991,-182.28866729562293,4.5186439985120685,146.85311301735317,-182.28866729562293,4.5186439985120685,146.85311301735317,-149.68943134633452,4.9039081969291685,165.42622487127304,-149.68943134633452,4.9039081969291685,165.42622487127304,99.496042465117,99.496042465117,84.60631892685285,84.991583125269955,False,False,False
2026-02-16|2026-02-23,2026-02-16,2026-02-23,-59.890341628006105,0,-7.7505524806720754,3.1558950657859417,59.890341628006105,52.139789147334028,63.046236693792046,38.05195064665434,35.734146083949966,30.244984804908302,37.563912257616721,914.75910584913402,False,-2.3178045627043744,-7.8069658417460381,-0.48803838903761942,-82.578721196028297,18.483185615247866,170.93757834687662,-82.578721196028297,18.483185615247866,170.93757834687662,-114.84745769930872,18.483185615247866,219.61576761764991,-114.84745769930872,18.483185615247866,219.61576761764991,-181.94724061220865,3.6051841932610529,146.6498626711178,-181.94724061220865,3.6051841932610529,146.6498626711178,-149.68943134633452,5.9899423424955645,165.42622487127304,-149.68943134633452,5.9899423424955645,165.42622487127304,78.373527243253974,78.373527243253974,63.495525821267158,65.880283970501665,False,False,False
2026-02-17|2026-02-24,2026-02-17,2026-02-24,-41.434128192120447,0,0.73447008554748805,3.1558950657859417,41.434128192120447,42.168598277667932,44.590023257906388,36.54213902199929,35.159885545487207,30.312488887364072,37.563912257616721,918.84698254657042,False,-1.3822534765120835,-6.229650134635218,1.0217732356174309,-81.36944381016913,16.670941266991868,167.95615368760772,-81.36944381016913,16.670941266991868,167.95615368760772,-114.84745769930872,16.670941266991868,219.61576761764991,-114.84745769930872,16.670941266991868,219.61576761764991,-176.88817225145044,4.5566054332427504,144.89988481962897,-176.88817225145044,4.5566054332427504,144.89988481962897,-149.68943134633452,1.4224536147827906,159.57308245046087,-149.68943134633452,1.4224536147827906,159.57308245046087,58.105069459112315,58.105069459112315,45.990733625363198,42.856581806903236,False,False,False
2026-02-18|2026-02-25,2026-02-18,2026-02-25,-51.498522583370843,0,-6.0568958336848038,3.1558950657859417,51.498522583370843,45.441626749686037,54.654417649156784,35.927266591747099,34.315186839324397,30.900163851402976,37.563912257616721,954.82012604355123,False,-1.6120797524227015,-5.0271027403441231,1.6366456658696222,-79.029922608757502,16.670941266991868,164.34606013647027,-79.029922608757502,16.670941266991868,164.34606013647027,-114.84745769930872,16.670941266991868,219.61576761764991,-114.84745769930872,16.670941266991868,219.61576761764991,-177.04950058911507,4.4576316778425458,145.05229009814423,-177.04950058911507,4.4576316778425458,145.05229009814423,-149.68943134633452,5.9899423424955645,159.57308245046087,-149.68943134633452,5.9899423424955645,159.57308245046087,68.169463850362717,68.169463850362717,55.956154261213385,57.48846492586641,False,False,False
2026-02-19|2026-02-26,2026-02-19,2026-02-26,51.901642133922451,0,-3.735264866984199,3.1558950657859417,-51.901642133922451,-55.636907000906646,-48.745747068136509,14.624301833618748,38.325408726536125,34.30521013648972,37.563912257616721,1176.847442508717,False,23.701106892917377,19.680908302870971,22.939610423997973,-89.643353057293851,16.670941266991868,180.72354660446561,-89.643353057293851,16.670941266991868,180.72354660446561,-114.84745769930872,16.670941266991868,219.61576761764991,-114.84745769930872,16.670941266991868,219.61576761764991,-181.17944008304551,4.5617824194720216,148.56242761673315,-181.17944008304551,4.5617824194720216,148.56242761673315,-149.68943134633452,2.7187623024922294,159.01792365501839,-149.68943134633452,2.7187623024922294,159.01792365501839,-35.230700866930583,-35.230700866930583,-47.339859714450427,-49.18287983143022,False,False,False
2026-02-20|2026-02-27,2026-02-20,2026-02-27,32.29370272796794,0,-3.6539384001094568,3.1558950657859417,-32.29370272796794,-35.947641128077393,-29.137807662181999,14.03918759867217,37.272245308214913,33.423263765427109,37.563912257616721,1117.1145607333128,False,23.233057709542742,19.384076166754937,23.52472465894455,-87.065599402035289,15.374772136225181,176.04260501610861,-87.065599402035289,15.374772136225181,176.04260501610861,-114.84745769930872,15.374772136225181,219.61576761764991,-114.84745769930872,15.374772136225181,219.61576761764991,-180.59902859299007,4.7531926794244832,148.62485219732156,-180.59902859299007,4.7531926794244832,148.62485219732156,-149.68943134633452,2.7187623024922294,158.73956608809505,-149.68943134633452,2.7187623024922294,158.73956608809505,-16.918930591742757,-16.918930591742757,-27.540510048543457,-29.57494042547571,False,False,False
2026-02-23|2026-03-02,2026-02-23,2026-03-02,-72.980312287846957,0,1.6054192415359043,3.1558950657859417,72.980312287846957,74.585731529382855,76.136207353632898,42.408260042694252,36.309644993404703,33.738983789270307,37.196780215615824,1138.3190271326448,False,-6.098615049289549,-8.6692762534239449,-5.2114798270784277,-84.583010848864916,14.632660628212111,171.70338981901079,-84.583010848864916,14.632660628212111,171.70338981901079,-114.84745769930872,14.632660628212111,219.61576761764991,-114.84745769930872,14.632660628212111,219.61576761764991,-174.6636690797267,5.2502454442096704,148.45396901370904,-174.6636690797267,5.2502454442096704,148.45396901370904,-149.68943134633452,2.7187623024922294,155.57406207752982,-149.68943134633452,2.7187623024922294,155.57406207752982,87.612972916059064,87.612972916059064,78.230557732056624,75.69907459033918,False,False,False
2026-02-24|2026-03-03,2026-02-24,2026-03-03,-145.19826781013711,0,-1.5435495744885777,3.1558950657859417,145.19826781013711,143.65471823564855,148.35416287592307,55.031258465340791,35.233564966721637,32.73629540788739,37.196780215615824,1071.6650370324692,False,-19.797693498619154,-22.294963057453401,-17.834478249724967,-81.955320776255178,13.431650718221944,166.74795236638604,-81.955320776255178,13.431650718221944,166.74795236638604,-114.84745769930872,13.431650718221944,219.61576761764991,-114.84745769930872,13.431650718221944,219.61576761764991,-169.08761549855052,4.5522817762954162,148.42699713903397,-169.08761549855052,4.5522817762954162,148.42699713903397,-149.68943134633452,4.9039081969291685,150.76500266931305,-149.68943134633452,4.9039081969291685,150.76500266931305,158.62991852835904,158.62991852835904,149.75054958643253,150.10217600706628,False,False,False
2026-02-25|2026-03-04,2026-02-25,2026-03-04,-114.56211812627126,0,-1.6119182258138869,3.1558950657859417,114.56211812627126,112.95019990045738,117.7180131920572,57.410027403223239,34.191220681982585,32.334681201350627,37.196780215615824,1045.5316083929774,False,-23.218806721240654,-25.075346201872613,-20.213247187607415,-79.456830948230262,13.431650718221944,162.73210812542996,-79.456830948230262,13.431650718221944,162.73210812542996,-114.84745769930872,13.431650718221944,219.61576761764991,-114.84745769930872,13.431650718221944,219.61576761764991,-167.73908934075249,4.3502095305767208,148.26776685021335,-167.73908934075249,4.3502095305767208,148.26776685021335,-149.68943134633452,4.9039081969291685,153.93050667987828,-149.68943134633452,4.9039081969291685,153.93050667987828,127.9937688444932,127.9937688444932,118.91232765684798,119.46602632320042,False,False,False
2026-02-26|2026-03-05,2026-02-26,2026-03-05,-165.90485864228955,0,-7.7075261484514943,3.1558950657859417,165.90485864228955,158.19733249383805,169.06075370807551,57.514550846001171,33.731061980581941,25.866470724619123,37.196780215615824,669.07430774757813,False,-23.78348886541923,-31.648080121382048,-20.317770630385347,-78.032215136502757,14.632660628212111,161.33266668624029,-78.032215136502757,14.632660628212111,161.33266668624029,-114.84745769930872,14.632660628212111,219.61576761764991,-114.84745769930872,14.632660628212111,219.61576761764991,-168.37631944962357,4.3525369589015757,145.62836124705677,-168.37631944962357,4.3525369589015757,145.62836124705677,-149.68943134633452,7.0340133373683029,150.76500266931305,-149.68943134633452,7.0340133373683029,150.76500266931305,180.53751927050166,180.53751927050166,170.25739560119112,172.93887197965785,False,False,False
2026-02-27|2026-03-06,2026-02-27,2026-03-06,-206.69207962727864,0,-4.0513566421844045,3.1558950657859417,206.69207962727864,202.64072298509424,209.8479746930646,61.463229547289394,32.756672275944439,30.267569440394155,37.196780215615824,916.1257598290822,False,-28.706557271344955,-31.195660106895239,-24.26644933167357,-75.978325173910193,14.632660628212111,158.08110381014149,-75.978325173910193,14.632660628212111,158.08110381014149,-114.84745769930872,14.632660628212111,219.61576761764991,-114.84745769930872,14.632660628212111,219.61576761764991,-167.00122115836319,4.6648939869123645,145.20063501225576,-167.00122115836319,4.6648939869123645,145.20063501225576,-149.68943134633452,1.4224536147827906,150.76500266931305,-149.68943134633452,1.4224536147827906,150.76500266931305,221.32474025549075,221.32474025549075,211.35697361419102,208.11453324206144,False,False,False
2026-03-02|2026-03-09,2026-03-02,2026-03-09,-122.24311848179181,0,1.7095742003152328,3.1558950657859417,122.24311848179181,123.95269268210704,125.39901354757775,46.260237475458595,38.74985662881484,32.942975011104629,37.196780215615824,1085.2396025822641,False,-7.5103808466437556,-13.317262464353966,-9.063457259842771,-93.602647840809283,13.431650718221944,185.4688015730033,-93.602647840809283,13.431650718221944,185.4688015730033,-114.84745769930872,13.431650718221944,219.61576761764991,-114.84745769930872,13.431650718221944,219.61576761764991,-170.14304669736595,4.0595176407924631,149.03470733406712,-170.14304669736595,4.0595176407924631,149.03470733406712,-149.68943134633452,2.7187623024922294,150.76500266931305,-149.68943134633452,2.7187623024922294,150.76500266931305,135.67476920001374,135.67476920001374,126.30263612258427,124.96188078428403,False,False,False
2026-03-03|2026-03-10,2026-03-03,2026-03-10,30.156815440287588,0,8.3101621906588274,3.1558950657859417,-30.156815440287588,-21.846653249628758,-27.000920374501646,44.842376705378179,42.220482847162373,34.199846520390913,37.196780215615824,1169.6295020182945,False,-2.621893858215806,-10.642530184987265,-7.6455964897623545,-108.68936137286582,12.868441518801845,197.08616299493835,-108.68936137286582,12.868441518801845,197.08616299493835,-120.48248773107478,12.868441518801845,214.95834244462415,-120.48248773107478,12.868441518801845,214.95834244462415,-174.45759278267013,3.9618717217219799,152.668092983256,-174.45759278267013,3.9618717217219799,152.668092983256,-149.68943134633452,4.1534893869822369,159.01792365501839,-149.68943134633452,4.1534893869822369,159.01792365501839,-17.288373921485743,-17.288373921485743,-26.194943718565607,-26.003326053305351,False,False,False
2026-03-04|2026-03-11,2026-03-04,2026-03-11,-58.37410936561205,0,4.532858545124002,3.1558950657859417,58.37410936561205,62.90696791073605,61.530004431397991,47.619491712168532,41.928227847838755,40.15520924948688,37.196780215615824,1612.4408298700769,False,-5.6912638643297768,-7.464282462681652,-10.422711496552708,-108.06143030200916,12.763258704461268,188.33581658294972,-108.06143030200916,12.763258704461268,188.33581658294972,-120.48248773107478,12.763258704461268,206.38508153292921,-120.48248773107478,12.763258704461268,206.38508153292921,-175.63515356129304,4.0143142677042016,153.27258056046492,-175.63515356129304,4.0143142677042016,153.27258056046492,-149.68943134633452,2.7187623024922294,155.57406207752982,-149.68943134633452,2.7187623024922294,155.57406207752982,71.137368070073322,71.137368070073322,62.388423633316251,61.09287166810428,False,False,False
2026-03-05|2026-03-12,2026-03-05,2026-03-12,-61.112067481493561,0,-0.46231964330490738,3.1558950657859417,61.112067481493561,60.649747838188652,64.26796254727951,47.9412421635393,41.17024109382232,39.597490465050093,37.196780215615824,1567.961251129733,False,-6.7710010697169807,-8.3437516984892071,-10.744461947923476,-107.78229082410748,12.010299867621921,174.02228102120088,-107.78229082410748,12.010299867621921,174.02228102120088,-122.60263147473772,12.010299867621921,194.06586415363657,-122.60263147473772,12.010299867621921,194.06586415363657,-176.04281769167878,5.4629974669129924,153.6256600776658,-176.04281769167878,5.4629974669129924,153.6256600776658,-149.68943134633452,2.7187623024922294,155.57406207752982,-149.68943134633452,2.7187623024922294,155.57406207752982,73.122367349115478,73.122367349115478,66.575064948406549,63.830829783985791,False,False,False
2026-03-06|2026-03-13,2026-03-06,2026-03-13,-73.523051639131637,0,-1.5575237634263659,3.1558950657859417,73.523051639131637,71.965527875705277,76.678946704917578,50.72574640759872,41.68588542451446,37.387880430540456,37.196780215615824,1397.8536030883899,False,-9.0398609830842602,-13.337865977058264,-13.528966191982896,-112.49641696893164,11.18444320865386,166.94383984290391,-112.49641696893164,11.18444320865386,166.94383984290391,-125.89913406184704,11.18444320865386,183.82275808987117,-125.89913406184704,11.18444320865386,183.82275808987117,-178.05863458555837,4.2161291722422609,154.85132828304441,-178.05863458555837,4.2161291722422609,154.85132828304441,-149.68943134633452,3.2794690929655981,155.85241964445316,-149.68943134633452,3.2794690929655981,155.85241964445316,84.707494847785497,84.707494847785497,77.739180811373899,76.802520732097236,False,False,False
2026-03-09|2026-03-16,2026-03-09,2026-03-16,-66.637819125919819,0,-5.9104385933204426,3.1558950657859417,66.637819125919819,60.727380532599376,69.79371419170576,50.678613456185474,40.435953572962866,37.245210262399723,38.37466676289408,1387.2056874903656,False,-10.242659883222608,-13.43340319378575,-12.303946693291394,-108.92084702827432,10.600802998584902,160.69397857777324,-108.92084702827432,10.600802998584902,160.69397857777324,-125.89913406184704,10.600802998584902,182.01501134624007,-125.89913406184704,10.600802998584902,182.01501134624007,-173.25402822549589,4.4049227195553344,154.73940689718748,-173.25402822549589,4.4049227195553344,154.73940689718748,-149.68943134633452,2.7187623024922294,153.93050667987828,-149.68943134633452,2.7187623024922294,153.93050667987828,77.238622124504715,77.238622124504715,71.042741845475149,69.356581428412042,False,False,False
2026-03-10|2026-03-17,2026-03-10,2026-03-17,-94.493600206166931,0,-12.729720706115682,3.1558950657859417,94.493600206166931,81.763879500051246,97.649495271952873,43.438323849619692,43.23565635540804,40.292729086860611,37.196780215615824,1623.5040172671434,False,-0.20266749421165287,-3.1455947627590817,-6.2415436340038681,-116.85368258529574,10.600802998584902,170.65589325878102,-116.85368258529574,10.600802998584902,170.65589325878102,-125.89913406184704,10.600802998584902,182.01501134624007,-125.89913406184704,10.600802998584902,182.01501134624007,-177.76005077287471,4.7764771465312643,155.17024748151621,-177.76005077287471,4.7764771465312643,155.17024748151621,-149.68943134633452,4.9039081969291685,155.57406207752982,-149.68943134633452,4.9039081969291685,155.57406207752982,105.09440320475183,105.09440320475183,99.270077352698195,99.397508403096097,False,False,False
2026-03-11|2026-03-18,2026-03-11,2026-03-18,-69.942146619462747,0,-10.564868934771482,3.1558950657859417,69.942146619462747,59.377277684691265,73.098041685248688,38.731429362557549,43.778500468597983,37.048545011001856,37.196780215615824,1372.5946874322308,False,5.0470711060404341,-1.6828843515556926,-1.5346491469417245,-118.56181828330963,9.29828474346861,172.6414805901187,-118.56181828330963,9.29828474346861,172.6414805901187,-125.89913406184704,9.29828474346861,182.01501134624007,-125.89913406184704,9.29828474346861,182.01501134624007,-179.78632666855879,4.571470674453824,156.51428623039237,-179.78632666855879,4.571470674453824,156.51428623039237,-149.68943134633452,4.9039081969291685,155.85241964445316,-149.68943134633452,4.9039081969291685,155.85241964445316,79.240431362931361,79.240431362931361,74.513617293916568,74.846054816391913,False,False,False
2026-03-12|2026-03-19,2026-03-12,2026-03-19,-50.229496839006018,0,-5.3638401251334233,3.1558950657859417,50.229496839006018,44.865656713872596,53.385391904791959,36.688401332322428,43.049723907946642,35.400957712148674,38.37466676289408,1253.2278069373388,False,6.3613225756242144,-1.2874436201737538,1.6862654305716518,-116.43623772516172,8.109911548282998,169.73490052001549,-116.43623772516172,8.109911548282998,169.73490052001549,-125.89913406184704,8.109911548282998,182.01501134624007,-125.89913406184704,8.109911548282998,182.01501134624007,-180.07430435467273,4.5385388670538607,156.79021024956347,-180.07430435467273,4.5385388670538607,156.79021024956347,-154.83746867524698,2.7187623024922294,157.980979333519,-154.83746867524698,2.7187623024922294,157.980979333519,58.339408387289012,58.339408387289012,54.768035706059877,52.948259141498248,False,False,False
2026-03-13|2026-03-20,2026-03-13,2026-03-20,68.839316835134227,0,-1.2828540696441046,3.1558950657859417,-68.839316835134227,-70.122170904778329,-65.683421769348286,35.35395992707123,44.372595330570576,35.162878194502674,42.531882575451064,1236.4280029214317,False,9.0186354034993457,-0.19108173256855565,7.177922648379834,-119.83916544343155,8.109911548282998,174.15091946677092,-119.83916544343155,8.109911548282998,174.15091946677092,-125.89913406184704,8.109911548282998,182.01501134624007,-125.89913406184704,8.109911548282998,182.01501134624007,-182.69643345064185,5.1219883009530971,158.61295775876147,-182.69643345064185,5.1219883009530971,158.61295775876147,-149.68943134633452,2.7187623024922294,167.02446980736394,-149.68943134633452,2.7187623024922294,167.02446980736394,-60.729405286851232,-60.729405286851232,-63.717328534181128,-66.120554532642004,False,False,False
2026-03-16|2026-03-23,2026-03-16,2026-03-23,102.80536678863861,0,2.8289368473932464,3.1558950657859417,-102.80536678863861,-99.976429941245357,-99.649471722852667,38.743983312468579,43.022945246751533,34.989630443728224,42.531882575451064,1224.2742385886731,False,4.2789619342829539,-3.7543528687403551,3.787899262982485,-116.05086153318882,7.2769569185160412,169.09326264147083,-116.05086153318882,7.2769569185160412,169.09326264147083,-125.89913406184704,7.2769569185160412,182.01501134624007,-125.89913406184704,7.2769569185160412,182.01501134624007,-182.66772556821547,5.41763183511992,157.50415255893748,-182.66772556821547,5.41763183511992,157.50415255893748,-149.68943134633452,2.7187623024922294,166.7461122404406,-149.68943134633452,2.7187623024922294,166.7461122404406,-95.528409870122573,-95.528409870122573,-97.387734953518688,-100.08660448614638,False,False,False
2026-03-17|2026-03-24,2026-03-17,2026-03-24,35.556326424421854,0,-1.8916512277463515,3.1558950657859417,-35.556326424421854,-37.447977652168206,-32.400431358635913,34.063707475717067,43.218570584402592,35.347817399402018,41.472237034643058,1249.468194901468,False,9.1548631086855252,1.2841099236849516,7.4085295589259914,-116.76192380429272,7.2769569185160412,170.02623519619141,-116.76192380429272,7.2769569185160412,170.02623519619141,-125.89913406184704,7.2769569185160412,182.01501134624007,-125.89913406184704,7.2769569185160412,182.01501134624007,-183.99811912957861,6.0837530366088579,158.56756932449386,-183.99811912957861,6.0837530366088579,158.56756932449386,-150.42619047966656,2.7187623024922294,164.89930676473395,-150.42619047966656,2.7187623024922294,164.89930676473395,-28.279369505905812,-28.279369505905812,-29.472573387812997,-32.837564121929624,False,False,False
2026-03-18|2026-03-25,2026-03-18,2026-03-25,80.000000000000071,0,-1.4797081959343903,3.1558950657859417,-80.000000000000071,-81.479708195934464,-76.84410493421413,32.795225403401695,42.416262056706834,33.871905276340257,42.531882575451064,1147.3059670493672,False,9.6210366533051399,1.0766798729385627,9.7366571720493695,-114.3817067440132,7.2769569185160412,166.90319340117247,-114.3817067440132,7.2769569185160412,166.90319340117247,-125.89913406184704,7.2769569185160412,182.01501134624007,-125.89913406184704,7.2769569185160412,182.01501134624007,-184.31865856048057,6.3350043788302575,158.88934387947825,-184.31865856048057,6.3350043788302575,158.88934387947825,-150.42619047966656,2.7187623024922294,166.7461122404406,-150.42619047966656,2.7187623024922294,166.7461122404406,-72.723043081484036,-72.723043081484036,-73.664995621169808,-77.281237697507848,False,False,False
2026-03-19|2026-03-26,2026-03-19,2026-03-26,43.519888589085284,0,9.9037832660853375,3.1558950657859417,-43.519888589085284,-33.616105322999942,-40.363993523299342,38.409810219736215,41.190782132365577,32.10463712257733,41.472237034643058,1030.7077247723705,False,2.7809719126293615,-6.3051730971588853,3.0624268149068428,-110.85766315322785,7.2769569185160412,162.27935652295142,-110.85766315322785,7.2769569185160412,162.27935652295142,-125.89913406184704,7.2769569185160412,182.01501134624007,-125.89913406184704,7.2769569185160412,182.01501134624007,-180.66360730720675,6.5896781464333296,158.50490526194884,-180.66360730720675,6.5896781464333296,158.50490526194884,-149.68943134633452,4.9039081969291685,164.89930676473395,-149.68943134633452,4.9039081969291685,164.89930676473395,-36.242931670569241,-36.242931670569241,-36.930210442651955,-38.615980392156118,False,False,False
2026-03-20|2026-03-27,2026-03-20,2026-03-27,-32.88619645175239,0,-1.4868910104946136,3.1558950657859417,32.88619645175239,31.399305441257777,36.042091517538331,29.799327103044138,42.34246118625645,35.579514758567434,41.472237034643058,1265.9018704551177,False,12.543134083212312,5.7801876555232958,11.67290993159892,-113.71795170334752,8.109911548282998,166.20734907935918,-113.71795170334752,8.109911548282998,166.20734907935918,-125.89913406184704,8.109911548282998,182.01501134624007,-125.89913406184704,8.109911548282998,182.01501134624007,-183.20191651926288,6.2904399281620886,159.58026227170998,-183.20191651926288,6.2904399281620886,159.58026227170998,-149.68943134633452,4.9039081969291685,164.89930676473395,-149.68943134633452,4.9039081969291685,164.89930676473395,40.996108000035392,40.996108000035392,39.176636379914477,37.790104648681556,False,True,False
2026-03-23|2026-03-30,2026-03-23,2026-03-30,-96.585029320453984,0,-1.6420718376217829,3.1558950657859417,96.585029320453984,94.942957482832199,99.740924386239925,28.291358257061624,41.96249921757834,37.194942490153529,41.472237034643058,1383.4637468458286,False,13.671140960516716,8.9035842330919053,13.180878777581434,-112.447725432167,9.794366081204986,164.94263668212628,-112.447725432167,9.794366081204986,164.94263668212628,-125.89913406184704,9.794366081204986,182.01501134624007,-125.89913406184704,9.794366081204986,182.01501134624007,-184.16394248903481,6.4231451770997499,160.25840371912005,-184.16394248903481,6.4231451770997499,160.25840371912005,-149.68943134633452,4.9039081969291685,164.89930676473395,-149.68943134633452,4.9039081969291685,164.89930676473395,106.37939540165897,106.37939540165897,103.00817449755374,101.48893751738315,False,True,False
2026-03-24|2026-03-31,2026-03-24,2026-03-31,-63.947459384722237,0,1.2370301219911402,3.1558950657859417,63.947459384722237,65.184489506713376,67.103354450508178,27.284665936709661,40.998801105505123,34.350741355295419,41.472237034643058,1179.9734316584031,False,13.714135168795462,7.0660754185857577,14.187571097933397,-109.42740720138868,11.18444320865386,161.48830410816777,-109.42740720138868,11.18444320865386,161.48830410816777,-125.89913406184704,11.18444320865386,182.01501134624007,-125.89913406184704,11.18444320865386,182.01501134624007,-184.39770135673629,6.5233106467395761,160.2776949270349,-184.39770135673629,6.5233106467395761,160.2776949270349,-155.57422780857902,4.9039081969291685,164.89930676473395,-155.57422780857902,4.9039081969291685,164.89930676473395,75.131902593376097,75.131902593376097,70.470770031461811,68.851367581651402,False,True,False
2026-03-25|2026-04-01,2026-03-25,2026-04-01,11.214630779847745,0,2.2472483177414331,3.1558950657859417,-11.214630779847745,-8.9673824621063112,-8.0587357140618039,49.160269169058012,39.974615912474142,33.853618785858096,41.472237034643058,1146.0675048982043,False,-9.1856532565838691,-15.306650383199916,-7.6880321344149536,-106.27813094616,12.010299867621921,157.82766695245911,-106.27813094616,12.010299867621921,157.82766695245911,-125.89913406184704,12.010299867621921,182.01501134624007,-125.89913406184704,12.010299867621921,182.01501134624007,-184.57876390099412,6.7188024431034528,160.3910784689393,-184.57876390099412,6.7188024431034528,160.3910784689393,-150.42619047966656,4.9039081969291685,164.89930676473395,-150.42619047966656,4.9039081969291685,164.89930676473395,0.79566908777417567,0.79566908777417567,-4.4958283367442924,-6.3107225829185767,False,True,False
2026-03-26|2026-04-02,2026-03-26,2026-04-02,-12.132767137532641,0,-2.744328268833693,3.1558950657859417,12.132767137532641,9.3884388686989482,15.288662203318582,54.305392714871381,40.342500404539663,34.791765918769634,41.472237034643058,1210.4669757464601,False,-13.962892310331718,-19.513626796101747,-12.833155680228323,-107.06731432277688,12.763258704461268,159.02883295507854,-107.06731432277688,12.763258704461268,159.02883295507854,-125.89913406184704,12.763258704461268,182.01501134624007,-125.89913406184704,12.763258704461268,182.01501134624007,-185.59026088604173,6.6619951262596944,161.4880152641841,-185.59026088604173,6.6619951262596944,161.4880152641841,-150.42619047966656,4.9039081969291685,165.1776643316573,-150.42619047966656,4.9039081969291685,165.1776643316573,24.896025841993911,24.896025841993911,18.794762263792336,17.036675334461808,False,True,False
2026-03-27|2026-04-07,2026-03-27,2026-04-07,34.73126682295824,0,3.5892522558880646,3.1558950657859417,-34.73126682295824,-31.142014567070177,-31.575371757172299,55.050540629049038,39.391325562291925,29.48978568065591,42.140339915566777,869.64745949101825,False,-15.659215066757113,-25.560754948393129,-12.910200713482261,-104.26969249472565,12.763258704461268,155.61404695448948,-104.26969249472565,12.763258704461268,155.61404695448948,-125.89913406184704,12.763258704461268,182.01501134624007,-125.89913406184704,12.763258704461268,182.01501134624007,-185.63528939086905,7.5454943643242318,161.29324388882711,-185.63528939086905,7.5454943643242318,161.29324388882711,-150.42619047966656,4.9039081969291685,164.89930676473395,-150.42619047966656,4.9039081969291685,164.89930676473395,-21.968008118496972,-21.968008118496972,-27.185772458634009,-29.827358626029071,False,True,False
2026-03-30|2026-04-08,2026-03-30,2026-04-08,193.31243469174586,0,9.313798019172868,3.1558950657859417,-193.31243469174586,-183.99863667257299,-190.15653962595991,78.681334201405278,38.830871958867576,29.618393744587028,41.472237034643058,877.24924800939198,False,-39.850462242537702,-49.062940456818254,-37.20909716676222,-102.66551209023956,12.010299867621921,153.37429339574456,-102.66551209023956,12.010299867621921,153.37429339574456,-125.89913406184704,12.010299867621921,182.01501134624007,-125.89913406184704,12.010299867621921,182.01501134624007,-180.08727942062677,7.9413616069290676,160.49107859160915,-180.08727942062677,7.9413616069290676,160.49107859160915,-149.68943134633452,2.7187623024922294,164.89930676473395,-149.68943134633452,2.7187623024922294,164.89930676473395,-181.30213482412395,-181.30213482412395,-185.3710730848168,-190.59367238925364,False,True,False
2026-03-31|2026-04-09,2026-03-31,2026-04-09,162.63698034440833,0,11.384143911062692,3.1558950657859417,-162.63698034440833,-151.25283643334564,-159.48108527862237,78.901166856320017,37.766168259090861,31.051033589837647,41.472237034643058,964.16668699722595,False,-41.134998597229156,-47.850133266482374,-37.428929821676959,-107.98268305618188,11.18444320865386,154.02949359589121,-107.98268305618188,11.18444320865386,154.02949359589121,-125.89913406184704,11.18444320865386,175.50585563366494,-125.89913406184704,11.18444320865386,175.50585563366494,-175.11490897189444,8.0392991186263743,159.85908925637401,-175.11490897189444,8.0392991186263743,159.85908925637401,-149.68943134633452,2.7187623024922294,164.89930676473395,-149.68943134633452,2.7187623024922294,164.89930676473395,-151.45253713575448,-151.45253713575448,-154.59768122578197,-159.91821804191611,False,True,False
2026-04-01|2026-04-10,2026-04-01,2026-04-10,91.339939681172041,0,11.192614196516262,3.1558950657859417,-91.339939681172041,-80.147325484655781,-88.1840446153861,67.767198091287653,43.131340168267791,42.981459050849999,42.676825620437221,1847.4058221398952,False,-24.635857923019863,-24.785739040437655,-25.090372470850433,-123.87128596343319,11.155757558084511,170.96437771348073,-123.87128596343319,11.155757558084511,170.96437771348073,-125.89913406184704,11.155757558084511,173.36439772458775,-125.89913406184704,11.155757558084511,173.36439772458775,-180.84666281206432,8.1238604242232597,164.22361736817092,-180.84666281206432,8.1238604242232597,164.22361736817092,-149.68943134633452,4.9039081969291685,164.89930676473395,-149.68943134633452,4.9039081969291685,164.89930676473395,-80.184182123087524,-80.184182123087524,-83.216079256948774,-86.436031484242875,False,True,False
2026-04-02|2026-04-13,2026-04-02,2026-04-13,137.96095444685409,0,15.111938928576921,3.1558950657859417,-137.96095444685409,-122.84901551827717,-134.80505938106813,61.223141214083306,45.097920738680109,41.369506206811998,43.587528689189178,1711.4360437954565,False,-16.125220475403196,-19.853635007271308,-17.635612524894128,-130.2587122791746,9.794366081204986,178.61959672975971,-130.2587122791746,9.794366081204986,178.61959672975971,-125.89913406184704,9.794366081204986,173.36439772458775,-125.89913406184704,9.794366081204986,173.36439772458775,-183.92811976491251,8.363581663913445,166.56488229868469,-183.92811976491251,8.363581663913445,166.56488229868469,-153.97103301980852,4.9039081969291685,165.1776643316573,-153.97103301980852,4.9039081969291685,165.1776643316573,-128.16658836564909,-128.16658836564909,-129.59737278294065,-133.05704624992492,False,True,False
2026-04-07|2026-04-14,2026-04-07,2026-04-14,204.20524357532389,0,16.998178535218383,3.1558950657859417,-204.20524357532389,-187.2070650401055,-201.04934850953794,73.038959293904128,44.24985019571249,41.5032318808192,43.587528689189178,1722.5182565530472,False,-28.789109098191638,-31.535727413084928,-29.45143060471495,-127.54927907686783,9.794366081204986,175.35354438259694,-127.54927907686783,9.794366081204986,175.35354438259694,-125.89913406184704,9.794366081204986,173.36439772458775,-125.89913406184704,9.794366081204986,173.36439772458775,-182.86542156086904,8.3796114328188391,166.55734049915833,-182.86542156086904,8.3796114328188391,166.55734049915833,-158.38231121538894,4.9039081969291685,164.89930676473395,-158.38231121538894,4.9039081969291685,164.89930676473395,-194.41087749411889,-194.41087749411889,-195.82563214250504,-199.30133537839473,False,True,False
2026-04-08|2026-04-15,2026-04-08,2026-04-15,63.215445070903264,0,1.6389750441108122,3.1558950657859417,-63.215445070903264,-61.57647002679245,-60.059550005117323,45.106545445326795,53.271794277609764,51.3418984122005,49.204075302911271,2635.9905325687159,False,8.1652488322829697,6.2353529668737053,4.0975298575844761,-154.01241041674649,9.794366081204986,207.25319488968563,-154.01241041674649,9.794366081204986,207.25319488968563,-125.89913406184704,9.794366081204986,173.36439772458775,-125.89913406184704,9.794366081204986,173.36439772458775,-193.80935940980623,7.169396554196994,173.67796820915379,-193.80935940980623,7.169396554196994,173.67796820915379,-206.96156718778025,5.4646149874025385,169.97412533264315,-206.96156718778025,5.4646149874025385,169.97412533264315,-53.42107898969828,-53.42107898969828,-56.046048516706271,-57.750830083500723,False,True,False
2026-04-09|2026-04-16,2026-04-09,2026-04-16,83.012409071456801,0,6.2372347304644471,3.1558950657859417,-83.012409071456801,-76.775174340992351,-79.85651400567086,44.393824790360867,51.835514856210857,49.992596739419007,48.495850935516309,2499.2597287501681,False,7.4416900658499898,5.5987719490581398,4.1020261451554418,-149.96515051694425,11.155757558084511,201.8472614681996,-149.96515051694425,11.155757558084511,201.8472614681996,-125.89913406184704,11.155757558084511,173.36439772458775,-125.89913406184704,11.155757558084511,173.36439772458775,-190.4430650901061,7.2573379625471794,173.3456534786994,-190.4430650901061,7.2573379625471794,173.3456534786994,-206.96156718778025,5.4646149874025385,174.41294540589314,-206.96156718778025,5.4646149874025385,174.41294540589314,-71.856651513372285,-71.856651513372285,-75.755071108909618,-77.54779408405426,False,True,False
2026-04-10|2026-04-17,2026-04-10,2026-04-17,73.435231833318682,0,7.3839994324581264,3.1558950657859417,-73.435231833318682,-66.051232400860556,-70.27933676753274,43.637250583467925,50.551074308819054,46.426569326091155,48.212611582438285,2155.4263393903484,False,6.9138237253511292,2.7893187426232302,4.5753609989703605,-155.85313359807228,11.155757558084511,206.80261681620036,-155.85313359807228,11.155757558084511,206.80261681620036,-125.89913406184704,11.155757558084511,171.71223395747026,-125.89913406184704,11.155757558084511,171.71223395747026,-189.00468838153432,7.0415586944634097,173.47786557605775,-189.00468838153432,7.0415586944634097,173.47786557605775,-183.45296113023636,5.4646149874025385,165.73282312709978,-183.45296113023636,5.4646149874025385,165.73282312709978,-62.279474275234172,-62.279474275234172,-66.393673138855277,-67.97061684591614,False,True,False
2026-04-13|2026-04-20,2026-04-13,2026-04-20,65.046217048954077,0,2.2973284986419888,3.1558950657859417,-65.046217048954077,-62.748888550312088,-61.890321983168135,44.661389081098413,49.335373844393068,43.851615683322109,48.212611582438285,1922.9641980377817,False,4.673984763294655,-0.80977339777630419,3.5512225013398719,-151.87715589757144,11.155757558084511,197.01131183501585,-151.87715589757144,11.155757558084511,197.01131183501585,-125.89913406184704,11.155757558084511,167.39668037834369,-125.89913406184704,11.155757558084511,167.39668037834369,-188.78005197034355,6.8097932692079288,173.42241836794744,-188.78005197034355,6.8097932692079288,173.42241836794744,-183.45296113023636,5.4646149874025385,165.73282312709978,-183.45296113023636,5.4646149874025385,165.73282312709978,-53.890459490869567,-53.890459490869567,-58.236423779746147,-59.581602061551536,False,True,False
2026-04-14|2026-04-21,2026-04-14,2026-04-21,-22.046977020265814,0,-1.316877422621245,3.1558950657859417,22.046977020265814,20.730099597644568,25.202872086051755,16.159275114017895,53.01057881873222,51.585904280251441,49.204075302911271,2661.105520411264,False,36.851303704714326,35.426629166233546,33.044800188893376,-162.7168527108081,11.155757558084511,209.36843541648184,-162.7168527108081,11.155757558084511,209.36843541648184,-125.89913406184704,11.155757558084511,167.39668037834369,-125.89913406184704,11.155757558084511,167.39668037834369,-192.32253685433787,6.8065631820387296,177.39031971737461,-192.32253685433787,6.8065631820387296,177.39031971737461,-189.74442708177943,5.4646149874025385,173.31783589862692,-189.74442708177943,5.4646149874025385,173.31783589862692,33.202734578350324,33.202734578350324,28.853540202304544,27.511592007668352,False,False,False
2026-04-15|2026-04-22,2026-04-15,2026-04-22,-39.898132427843571,0,-3.8848904286840158,3.1558950657859417,39.898132427843571,36.013241999159554,43.054027493629512,20.094665588017975,51.466544634657403,44.865845409003285,48.212611582438285,2012.9440842645813,False,31.371879046639428,24.77117982098531,28.11794599442031,-157.77305906462254,11.155757558084511,198.6961212954885,-157.77305906462254,11.155757558084511,198.6961212954885,-125.89913406184704,11.155757558084511,163.31052156024626,-125.89913406184704,11.155757558084511,163.31052156024626,-192.41356729526399,7.4475888542677549,177.15388531885526,-192.41356729526399,7.4475888542677549,177.15388531885526,-189.74442708177943,4.9039081969291685,173.31783589862692,-189.74442708177943,4.9039081969291685,173.31783589862692,51.05388998592808,51.05388998592808,47.345721282111327,44.802040624772737,False,False,False
2026-04-16|2026-04-23,2026-04-16,2026-04-23,-74.690205398064705,0,-0.47508483286907172,3.1558950657859417,74.690205398064705,74.215120565195633,77.846100463850647,24.983855378846584,49.900399333782175,43.322485390154156,48.212611582438285,1876.8377403801203,False,24.916543954935591,18.338630011307572,23.228756203591701,-152.63557175695118,11.155757558084511,185.7632744308552,-152.63557175695118,11.155757558084511,185.7632744308552,-125.89913406184704,11.155757558084511,157.26125899762965,-125.89913406184704,11.155757558084511,157.26125899762965,-190.83046877064567,7.275181962782244,174.05227175193698,-190.83046877064567,7.275181962782244,174.05227175193698,-188.24223833467695,4.9039081969291685,172.34944676017912,-188.24223833467695,4.9039081969291685,172.34944676017912,85.845962956149222,85.845962956149222,81.965387360846947,79.594113594993871,False,False,False
2026-04-17|2026-04-24,2026-04-17,2026-04-24,-72.052216665253738,0,0.087691460957804696,3.1558950657859417,72.052216665253738,72.139908126211537,75.208111731039679,25.281648927990922,48.48063530454818,43.224199917743263,48.212611582438285,1868.3314585290368,False,23.198986376557258,17.942550989752341,22.930962654447363,-149.86754562618654,11.155757558084511,182.81245785617472,-149.86754562618654,11.155757558084511,182.81245785617472,-125.89913406184704,11.155757558084511,157.26125899762965,-125.89913406184704,11.155757558084511,157.26125899762965,-190.4553020648876,7.3230396010982144,174.07960871518986,-190.4553020648876,7.3230396010982144,174.07960871518986,-188.24223833467695,4.9039081969291685,172.34944676017912,-188.24223833467695,4.9039081969291685,172.34944676017912,83.207974223338255,83.207974223338255,79.375256266351954,76.956124862182904,False,False,False
2026-04-20|2026-04-27,2026-04-20,2026-04-27,-9.3537414965971788,0,-0.377824820149605,3.1558950657859417,9.3537414965971788,8.9759166764475733,12.50963656238312,25.338267617681719,47.627422309297138,43.80266980168652,48.212611582438285,1918.6738817555799,False,22.289154691615419,18.4644021840048,22.874343964756566,-147.37426769874165,11.155757558084511,180.15453286340849,-147.37426769874165,11.155757558084511,180.15453286340849,-125.89913406184704,11.155757558084511,157.26125899762965,-125.89913406184704,11.155757558084511,157.26125899762965,-190.8362538322304,7.1341712879689858,174.17517669179648,-190.8362538322304,7.1341712879689858,174.17517669179648,-189.74442708177943,4.9039081969291685,175.72898802657087,-189.74442708177943,4.9039081969291685,175.72898802657087,20.50949905468169,20.50949905468169,16.487912784566163,14.257649693526346,False,False,False
2026-04-21|2026-04-28,2026-04-21,2026-04-28,-73.935582561401873,0,-2.5427340147848381,3.1558950657859417,73.935582561401873,71.392848546617032,77.091477627187814,36.397069774375879,46.199512170785788,37.267419883330675,48.653065983858134,1388.8605847604706,False,9.8024423964099086,0.87035010895479559,12.255996209482255,-142.65736834343801,9.794366081204986,175.47351483646077,-142.65736834343801,9.794366081204986,175.47351483646077,-125.89913406184704,9.794366081204986,157.26125899762965,-125.89913406184704,9.794366081204986,157.26125899762965,-188.55860057380283,7.3549623101581858,173.53320235219368,-188.55860057380283,7.3549623101581858,173.53320235219368,-188.06380983820327,-7.8659460472105538,175.72898802657087,-188.06380983820327,-7.8659460472105538,175.72898802657087,83.729948642606857,83.729948642606857,81.290544871560058,66.069636514191316,False,False,False
2026-04-22|2026-04-29,2026-04-22,2026-04-29,-23.012017386856432,0,-4.2108804839894809,3.1558950657859417,23.012017386856432,18.801136902866951,26.167912452642373,35.452415643471895,45.347814623535918,35.925468010620264,48.212611582438285,1290.6392517821,False,9.895398980064023,0.47305236714836951,12.76019593896639,-139.74936981846673,9.794366081204986,172.31320497172172,-139.74936981846673,9.794366081204986,172.31320497172172,-125.89913406184704,9.794366081204986,157.26125899762965,-125.89913406184704,9.794366081204986,157.26125899762965,-187.99344078544544,7.0365993185613291,171.01231615443223,-187.99344078544544,7.0365993185613291,171.01231615443223,-175.55663937409167,-4.3844914650641753,165.73282312709978,-175.55663937409167,-4.3844914650641753,165.73282312709978,32.806383468061419,32.806383468061419,30.048616705417761,18.627525921792255,False,False,False
2026-04-23|2026-04-30,2026-04-23,2026-04-30,6.8411151017611083,0,-6.4481913417198724,3.1558950657859417,-6.8411151017611083,-13.289306443480982,-3.6852200359751666,32.221655419277241,44.713879467671049,34.693953288114635,47.004318978534755,1203.6703947578803,False,12.492224048393808,2.4722978688373942,14.782663559257514,-137.46842667841003,9.794366081204986,169.83435670390796,-137.46842667841003,9.794366081204986,169.83435670390796,-125.89913406184704,9.794366081204986,157.26125899762965,-125.89913406184704,9.794366081204986,157.26125899762965,-188.28538052831232,6.0316469752022845,168.67684195141223,-188.28538052831232,6.0316469752022845,168.67684195141223,-180.79567652454421,-5.4219021548251778,165.73282312709978,-180.79567652454421,-5.4219021548251778,165.73282312709978,2.9532509794438777,2.9532509794438777,-0.80946812655882372,-12.263017256586286,False,False,False
2026-04-24|2026-05-04,2026-04-24,2026-05-04,-10.245901639345245,0,-6.0627210164766723,3.1558950657859417,10.245901639345245,4.1831806228685728,13.401796705131186,31.487035784884565,43.515364137124017,35.419434558694277,47.004318978534755,1254.5363444576265,False,12.028328352239452,3.9323987738097124,15.51728319365019,-133.51070884813669,9.794366081204986,165.53324905427797,-133.51070884813669,9.794366081204986,165.53324905427797,-125.89913406184704,9.794366081204986,157.26125899762965,-125.89913406184704,9.794366081204986,157.26125899762965,-188.39941254054645,5.9027383358781114,168.11576060650589,-188.39941254054645,5.9027383358781114,168.11576060650589,-180.79567652454421,-5.4219021548251778,165.73282312709978,-180.79567652454421,-5.4219021548251778,165.73282312709978,20.040267720550233,20.040267720550233,16.148639975223357,4.8239994845200673,False,False,False
2026-04-27|2026-05-05,2026-04-27,2026-05-05,-53.621584815728426,0,-6.3411907704204289,3.1558950657859417,53.621584815728426,47.280394045308,56.777479881514367,28.643753236615648,42.893509850546366,35.363192783003896,47.004318978534755,1250.555403807899,False,14.249756613930717,6.7194395463882479,18.360565741919107,-131.29834607260474,9.794366081204986,163.12893149914299,-131.29834607260474,9.794366081204986,163.12893149914299,-125.89913406184704,9.794366081204986,157.26125899762965,-125.89913406184704,9.794366081204986,157.26125899762965,-187.70375907882877,5.5602040151976322,168.57864829316469,-187.70375907882877,5.5602040151976322,168.57864829316469,-178.65045922410673,-4.3844914650641753,175.72898802657087,-178.65045922410673,-4.3844914650641753,175.72898802657087,63.41595089693341,63.41595089693341,59.18178883092606,49.237093350664253,False,False,False
2026-04-28|2026-05-06,2026-04-28,2026-05-06,70.205479452054576,0,2.3907341748559552,3.1558950657859417,-70.205479452054576,-67.814745277198625,-67.049584386268634,31.250151970945755,44.004585114392114,34.23522326359177,47.004318978534755,1172.0505119079753,False,12.754433143446359,2.9850712926460155,15.754167007589,-134.49065922374581,9.794366081204986,166.598224435936,-134.49065922374581,9.794366081204986,166.598224435936,-125.89913406184704,9.794366081204986,157.26125899762965,-125.89913406184704,9.794366081204986,157.26125899762965,-189.78291510622932,5.8773776874572574,169.50555109834423,-189.78291510622932,5.8773776874572574,169.50555109834423,-175.73506787056539,1.545266405281994,175.695105410721,-175.73506787056539,1.545266405281994,175.695105410721,-60.411113370849591,-60.411113370849591,-64.328101764597321,-68.660213046772583,False,False,False
2026-04-29|2026-05-07,2026-04-29,2026-05-07,54.672817358618616,0,1.4948887164647453,3.1558950657859417,-54.672817358618616,-53.177928642153873,-51.516922292832675,29.777849054091313,43.011050769128083,34.508511866924877,47.004318978534755,1190.8373912696952,False,13.23320171503677,4.7306628128335646,17.226469924443442,-131.15210693465758,9.794366081204986,162.97000398033694,-131.15210693465758,9.794366081204986,162.97000398033694,-125.89913406184704,9.794366081204986,157.26125899762965,-125.89913406184704,9.794366081204986,157.26125899762965,-189.54055249976165,5.9763648579099478,167.64788289241315,-189.54055249976165,5.9763648579099478,167.64788289241315,-175.73506787056539,-11.266476902768028,175.72898802657087,-175.73506787056539,-11.266476902768028,175.72898802657087,-44.878451277413632,-44.878451277413632,-48.696452500708666,-65.93929426138665,False,False,False
2026-04-30|2026-05-08,2026-04-30,2026-05-08,50.418731840711217,0,1.7076584610563588,3.1558950657859417,-50.418731840711217,-48.711073379654856,-47.262836774925276,29.934578996890608,41.70916006413529,40.296224286919902,47.295380834970985,1623.7856917817533,False,11.774581067244682,10.361645290029294,17.360801838080377,-126.92383113807252,9.794366081204986,158.37486350965278,-126.92383113807252,9.794366081204986,158.37486350965278,-125.89913406184704,9.794366081204986,157.26125899762965,-125.89913406184704,9.794366081204986,157.26125899762965,-190.13995825039007,6.4597667523526301,167.10651047810984,-190.13995825039007,6.4597667523526301,167.10651047810984,-175.73506787056539,4.9039081969291685,193.66515004721808,-175.73506787056539,4.9039081969291685,193.66515004721808,-40.624365759506233,-40.624365759506233,-43.958965088358589,-45.514823643782051,False,False,False
2026-05-04|2026-05-11,2026-05-04,2026-05-11,55.555555555557575,0,0.0067916820732514,3.1558950657859417,-55.555555555557575,-55.548763873484326,-52.399660489771634,29.963448831470274,40.440697998283319,40.499244122626024,43.901249446000833,1640.1887745040583,False,10.477249166813046,10.53579529115575,13.937800614530559,-122.91233436408696,9.794366081204986,154.01531080756854,-122.91233436408696,9.794366081204986,154.01531080756854,-125.89913406184704,9.794366081204986,157.26125899762965,-125.89913406184704,9.794366081204986,157.26125899762965,-184.22838682911308,5.7173803060868682,166.97715514704748,-184.22838682911308,5.7173803060868682,166.97715514704748,-156.99145190678948,4.9039081969291685,168.89832713766501,-156.99145190678948,4.9039081969291685,168.89832713766501,-45.761189474352591,-45.761189474352591,-49.838175249470709,-50.651647358628409,False,False,False
2026-05-05|2026-05-12,2026-05-05,2026-05-12,44.49768954304156,0,2.6544561876993287,3.1558950657859417,-44.49768954304156,-41.843233355342228,-41.341794477255618,31.217100567612462,39.318111484061944,40.19302905811702,43.901249446000833,1615.4795848666392,False,8.1010109164494821,8.9759284905045575,12.68414887838837,-119.6698277794614,9.794366081204986,150.49146942392315,-119.6698277794614,9.794366081204986,150.49146942392315,-125.89913406184704,9.794366081204986,157.26125899762965,-125.89913406184704,9.794366081204986,157.26125899762965,-180.63938686366205,6.1157506664199124,166.85617935562351,-180.63938686366205,6.1157506664199124,166.85617935562351,-156.25469277345744,4.9039081969291685,175.58589623004536,-156.25469277345744,4.9039081969291685,175.58589623004536,-34.703323461836575,-34.703323461836575,-38.381938876621646,-39.593781346112394,False,False,False
2026-05-06|2026-05-13,2026-05-06,2026-05-13,-39.959190613840789,0,-1.6183004433591175,3.1558950657859417,39.959190613840789,38.340890170481671,43.115085679626731,14.331212235984264,41.315043166861813,44.875657833387372,43.901249446000833,2013.8246659792617,False,26.983830930877549,30.544445597403108,29.570037210016569,-125.8263591834306,11.155757558084511,157.18367832920137,-125.8263591834306,11.155757558084511,157.18367832920137,-125.89913406184704,11.155757558084511,157.26125899762965,-125.89913406184704,11.155757558084511,157.26125899762965,-182.97915511970169,5.9455880316012895,168.89189389413986,-182.97915511970169,5.9455880316012895,168.89189389413986,-156.25469277345744,4.9039081969291685,191.25482917943879,-156.25469277345744,4.9039081969291685,191.25482917943879,51.114948171925299,51.114948171925299,45.904778645442079,44.863098810769955,False,False,False
2026-05-07|2026-05-14,2026-05-07,2026-05-14,-57.774001699236742,0,8.2169488101967154,3.1558950657859417,57.774001699236742,65.990950509433461,60.929896765022683,14.857979573261373,40.091052630622073,43.678279392317116,42.997191660924848,1907.7920906733143,False,25.233073057360698,28.820299819055741,28.139212087663473,-121.49257798118708,11.243316430417094,155.70452813894099,-121.49257798118708,11.243316430417094,155.70452813894099,-122.92295545374419,11.243316430417094,157.26125899762965,-122.92295545374419,11.243316430417094,157.26125899762965,-168.98030378941206,6.67484615757364,165.98363902565293,-168.98030378941206,6.67484615757364,165.98363902565293,-149.68943134633452,4.9039081969291685,163.25575136708241,-149.68943134633452,4.9039081969291685,163.25575136708241,69.01731812965383,69.01731812965383,64.448847856810374,62.677909896165907,False,False,False
2026-05-08|2026-05-15,2026-05-08,2026-05-15,-113.08562197091976,0,6.5473886413619429,3.1558950657859417,113.08562197091976,119.63301061228171,116.2415170367057,31.762408140636282,38.914819065316195,40.137080305702106,42.997191660924848,1610.9852154663799,False,7.1524109246799128,8.3746721650658245,11.234783520288566,-116.60277517620447,12.010299867621921,151.49167745089898,-116.60277517620447,12.010299867621921,151.49167745089898,-121.92279450278532,12.010299867621921,157.26125899762965,-121.92279450278532,12.010299867621921,157.26125899762965,-168.62545274571758,6.8213397111448311,165.99131208034206,-168.62545274571758,6.8213397111448311,165.99131208034206,-154.83746867524698,4.9039081969291685,163.25575136708241,-154.83746867524698,4.9039081969291685,163.25575136708241,125.09592183854168,125.09592183854168,119.90696168206459,117.98953016784893,False,False,False
2026-05-11|2026-05-18,2026-05-11,2026-05-18,-99.447513812155336,0,11.232918528034284,3.1558950657859417,99.447513812155336,110.68043234018963,102.60340887794128,32.645124704421043,37.738513371457458,39.745763264824099,42.997191660924848,1579.7256975034406,False,5.0933886670364146,7.1006385604030555,10.352066956503805,-112.60307230873424,12.763258704461268,148.71644760615914,-112.60307230873424,12.763258704461268,148.71644760615914,-120.48248773107478,12.763258704461268,157.26125899762965,-120.48248773107478,12.763258704461268,157.26125899762965,-168.16814035143747,7.3426018307212324,165.98479475302636,-168.16814035143747,7.3426018307212324,165.98479475302636,-149.68943134633452,4.9039081969291685,163.25575136708241,-149.68943134633452,4.9039081969291685,163.25575136708241,112.2107725166166,112.2107725166166,106.79011564287657,104.3514220090845,False,False,False
2026-05-12|2026-05-19,2026-05-12,2026-05-19,-100.5281990117568,0,16.241466262360088,3.1558950657859417,100.5281990117568,116.76966527411689,103.68409407754274,32.801500886726359,37.018160920690924,39.972306774160913,42.997191660924848,1597.7853088476304,False,4.2166600339645655,7.1708058874345539,10.195690774198489,-110.22354376081128,12.868441518801845,146.15284128688356,-110.22354376081128,12.868441518801845,146.15284128688356,-120.48248773107478,12.868441518801845,157.26125899762965,-120.48248773107478,12.868441518801845,157.26125899762965,-168.19123540898613,7.4238898565765856,166.0189189479583,-168.19123540898613,7.4238898565765856,166.0189189479583,-149.68943134633452,4.9039081969291685,163.25575136708241,-149.68943134633452,4.9039081969291685,163.25575136708241,113.39664053055864,113.39664053055864,107.95208886833338,105.43210720868596,False,False,False
2026-05-13|2026-05-20,2026-05-13,2026-05-20,-98.164746052070711,0,17.38007161138102,3.1558950657859417,98.164746052070711,115.54481766345174,101.32064111785665,32.533033764571982,36.209946164160421,35.542509246603736,43.490497867429582,1263.2699635449119,False,3.6769123995884385,3.0094754820317533,10.9574641028576,-107.48869924372841,12.868441518801845,143.19154279868059,-107.48869924372841,12.868441518801845,143.19154279868059,-120.48248773107478,12.868441518801845,157.26125899762965,-120.48248773107478,12.868441518801845,157.26125899762965,-158.77128733861707,7.2953161509479632,166.01923026589998,-158.77128733861707,7.2953161509479632,166.01923026589998,-149.68943134633452,1.4224536147827906,163.25575136708241,-149.68943134633452,1.4224536147827906,163.25575136708241,111.03318757087256,111.03318757087256,105.46006220301868,99.587199666853508,False,False,False
2026-05-14|2026-05-21,2026-05-14,2026-05-21,-88.019142027003781,0,16.7815139210391,3.1558950657859417,88.019142027003781,104.80065594804287,91.175037092789722,32.154606981151296,35.211916159975353,35.191222083770924,43.490497867429582,1238.4221117492862,False,3.0573091788240561,3.0366151026196277,11.335890886278285,-104.70189770118472,12.763258704461268,140.14803952335089,-104.70189770118472,12.763258704461268,140.14803952335089,-120.48248773107478,12.763258704461268,157.26125899762965,-120.48248773107478,12.763258704461268,157.26125899762965,-158.74615607879517,7.048106238084304,166.06637248700525,-158.74615607879517,7.048106238084304,166.06637248700525,-149.68943134633452,1.4224536147827906,163.25575136708241,-149.68943134633452,1.4224536147827906,163.25575136708241,100.78240073146505,100.78240073146505,95.067248265088082,89.441595641786577,False,False,False
2026-05-15|2026-05-22,2026-05-15,2026-05-22,-28.379772961817373,0,22.220478649844992,3.1558950657859417,28.379772961817373,50.600251611662365,31.535668027603315,15.378956223401476,37.488955618454405,39.688591871510063,43.901249446000833,1575.1843247432946,False,22.109999395052931,24.309635648108589,28.522293222599359,-111.78337353260019,12.010299867621921,147.7244781372477,-111.78337353260019,12.010299867621921,147.7244781372477,-120.48248773107478,12.010299867621921,157.26125899762965,-120.48248773107478,12.010299867621921,157.26125899762965,-163.39282690435761,7.0048399800866958,167.84084628996632,-163.39282690435761,7.0048399800866958,167.84084628996632,-156.25469277345744,2.7187623024922294,163.25575136708241,-156.25469277345744,2.7187623024922294,163.25575136708241,40.390072829439291,40.390072829439291,35.384612941904066,31.098535264309604,False,False,False
2026-05-18|2026-05-25,2026-05-18,2026-05-25,-4.2925824175843452,0,20.40768885081177,3.1558950657859417,4.2925824175843452,24.700271268396115,7.4484774833702865,22.80548425616464,36.590252824457288,41.341560570973897,43.901249446000833,1709.1246304435035,False,13.784768568292648,18.536076314809257,21.095765189836193,-109.59562596519297,11.243316430417094,145.19318193264689,-109.59562596519297,11.243316430417094,145.19318193264689,-120.48248773107478,11.243316430417094,157.26125899762965,-120.48248773107478,11.243316430417094,157.26125899762965,-163.5391800038683,6.9437093959437002,167.86600624822489,-163.5391800038683,6.9437093959437002,167.86600624822489,-156.25469277345744,2.7187623024922294,163.25575136708241,-156.25469277345744,2.7187623024922294,163.25575136708241,15.535898848001439,15.535898848001439,11.236291813528045,7.0113447200765746,False,False,False
2026-05-19|2026-05-26,2026-05-19,2026-05-26,12.048192771085819,0,13.094939368922043,6.4372688055515521,-12.048192771085819,1.0467465978362238,-5.6109239655342673,20.407622643510511,35.960904655478437,38.46065854711204,42.997191660924848,1479.2222558775422,False,15.553282011967926,18.053035903601529,22.589569017414338,-107.45698996177242,11.155757558084511,142.80423794798548,-107.45698996177242,11.155757558084511,142.80423794798548,-120.48248773107478,11.155757558084511,157.26125899762965,-120.48248773107478,11.155757558084511,157.26125899762965,-162.41366809699755,5.5321282092419457,165.22800373669796,-162.41366809699755,5.5321282092419457,165.22800373669796,-149.68943134633452,8.7551818362963729,163.25575136708241,-149.68943134633452,8.7551818362963729,163.25575136708241,-0.89243521300130801,-0.89243521300130801,-6.5160645618438737,-3.2930109347894465,False,False,False
2026-05-20|2026-05-27,2026-05-20,2026-05-27,31.896551724137634,0,16.751154275460166,6.4372688055515521,-31.896551724137634,-15.145397448677468,-25.459282918586084,18.935479852435758,35.11936828890412,37.495693567651969,42.997191660924848,1405.9270361192573,False,16.183888436468362,18.560213715216211,24.06171180848909,-104.80955524887143,9.794366081204986,139.52028208265307,-104.80955524887143,9.794366081204986,139.52028208265307,-120.48248773107478,9.794366081204986,157.26125899762965,-120.48248773107478,9.794366081204986,157.26125899762965,-162.67469328002682,5.4458137640478164,165.30144996450005,-162.67469328002682,5.4458137640478164,165.30144996450005,-149.68943134633452,8.7551818362963729,163.25575136708241,-149.68943134633452,8.7551818362963729,163.25575136708241,-22.102185642932646,-22.102185642932646,-26.450737960089818,-23.141369887841261,False,False,False
2026-05-21|2026-05-28,2026-05-21,2026-05-28,15.518579187860926,0,15.176099364235135,3.1558950657859417,-15.518579187860926,-0.34247982362579066,-12.362684122074985,20.432311037780995,34.050145624432531,38.25811262806976,42.997191660924848,1463.683181862071,False,13.617834586651536,17.825801590288766,22.564880623143853,-102.25876085168773,8.109911548282998,136.12398000725486,-102.25876085168773,8.109911548282998,136.12398000725486,-120.48248773107478,8.109911548282998,157.26125899762965,-120.48248773107478,8.109911548282998,157.26125899762965,-161.91323087586454,5.4115494998557363,165.19648340246275,-161.91323087586454,5.4115494998557363,165.19648340246275,-149.68943134633452,8.7551818362963729,163.25575136708241,-149.68943134633452,8.7551818362963729,163.25575136708241,-7.4086676395779278,-7.4086676395779278,-10.10702968800519,-6.7633973515645529,False,False,False
2026-05-22|2026-05-29,2026-05-22,2026-05-29,42.259594652869211,0,6.6870436195041565,3.1558950657859417,-42.259594652869211,-35.572551033365052,-39.10369958708327,22.872189749935053,33.023646549552865,34.533287522903606,43.490497867429582,1192.5479471395297,False,10.151456799617812,11.661097772968553,20.618308117494529,-99.132991501264982,7.2845451861192068,132.20059027134499,-99.132991501264982,7.2845451861192068,132.20059027134499,-120.48248773107478,7.2845451861192068,157.26125899762965,-120.48248773107478,7.2845451861192068,157.26125899762965,-160.93498027028124,5.0986249074540426,165.04927300383173,-160.93498027028124,5.0986249074540426,165.04927300383173,-149.68943134633452,9.9807884996115686,163.25575136708241,-149.68943134633452,9.9807884996115686,163.25575136708241,-34.975049466750008,-34.975049466750008,-37.160969745415166,-32.278806153257641,False,False,False
2026-05-25|2026-06-01,2026-05-25,2026-06-01,2.5766555011608183,0,4.209051106447518,3.1558950657859417,-2.5766555011608183,1.6323956052866997,0.57923956462512338,13.452963934401586,33.584982043051276,38.673529197667108,42.997191660924848,1495.6418606028103,False,20.132018108649689,25.22056526326552,29.54422772652326,-100.86896834243808,7.2845451861192068,134.23833111847549,-100.86896834243808,7.2845451861192068,134.23833111847549,-120.48248773107478,7.2845451861192068,157.26125899762965,-120.48248773107478,7.2845451861192068,157.26125899762965,-162.58497035416875,4.9864593741096028,165.92895540836116,-162.58497035416875,4.9864593741096028,165.92895540836116,-149.68943134633452,10.940327730733312,163.25575136708241,-149.68943134633452,10.940327730733312,163.25575136708241,4.7078896849583884,4.7078896849583884,2.4098038729487845,8.3636722295724937,False,False,False
2026-05-26|2026-06-02,2026-05-26,2026-06-02,12.893243940175214,0,9.2156090127560564,3.1558950657859417,-12.893243940175214,-3.6776349274191578,-9.7373488743892729,13.052161081505936,32.616853015440434,37.77352664400776,42.997191660924848,1426.8393151255641,False,19.564691933934498,24.721365562501823,29.945030579418912,-97.731567443827757,8.109911548282998,130.87299316254089,-97.731567443827757,8.109911548282998,130.87299316254089,-120.48248773107478,8.109911548282998,157.26125899762965,-120.48248773107478,8.109911548282998,157.26125899762965,-162.00109756219987,5.8443616858410685,165.62298633592235,-162.00109756219987,5.8443616858410685,165.62298633592235,-149.68943134633452,4.9039081969291685,163.25575136708241,-149.68943134633452,4.9039081969291685,163.25575136708241,-4.7833323918922162,-4.7833323918922162,-7.0488822543341456,-7.9893357432460457,False,False,False
2026-05-27|2026-06-03,2026-05-27,2026-06-03,-19.764544126492645,0,16.100505836408054,3.1558950657859417,19.764544126492645,35.865049962900699,22.920439192278586,18.696935754241075,31.629519761882516,38.300135099120197,42.997191660924848,1466.9003486108588,False,12.932584007641442,19.603199344879123,24.300255906683773,-94.871327754136459,8.109911548282998,127.55546735124636,-94.871327754136459,8.109911548282998,127.55546735124636,-120.48248773107478,8.109911548282998,157.26125899762965,-120.48248773107478,8.109911548282998,157.26125899762965,-157.65252543443876,6.2466095473200243,165.58600888898047,-157.65252543443876,6.2466095473200243,165.58600888898047,-149.68943134633452,4.9039081969291685,163.25575136708241,-149.68943134633452,4.9039081969291685,163.25575136708241,27.874455674775643,27.874455674775643,26.011153673812668,24.668452323421814,False,False,False
2026-05-28|2026-06-04,2026-05-28,2026-06-04,19.798571059652659,0,18.919229397704068,3.1558950657859417,-19.798571059652659,-0.87934166194859031,-16.642675993866717,19.766976808707007,30.953571684866098,35.193039692843001,41.801835968611691,1238.550042822023,False,11.186594876159091,15.426062884135995,22.034859159904684,-93.276170793463763,8.109911548282998,125.7052817149968,-93.276170793463763,8.109911548282998,125.7052817149968,-120.48248773107478,8.109911548282998,157.26125899762965,-120.48248773107478,8.109911548282998,157.26125899762965,-157.46451614553789,6.5214032174969132,161.65866822003397,-157.46451614553789,6.5214032174969132,161.65866822003397,-149.68943134633452,4.9039081969291685,163.25575136708241,-149.68943134633452,4.9039081969291685,163.25575136708241,-11.688659511369661,-11.688659511369661,-13.277167842155745,-14.894662862723489,False,False,False
2026-05-29|2026-06-05,2026-05-29,2026-06-05,-3.4352456200636983,0,17.277207461499028,3.1558950657859417,3.4352456200636983,20.712453081562728,6.5911406858496395,16.813598995617543,30.545819064780279,34.634250541403631,41.472237034643058,1199.5313105647178,False,13.732220069162736,17.820651545786088,24.658638039025515,-91.97862138178013,8.109911548282998,124.20028418622148,-91.97862138178013,8.109911548282998,124.20028418622148,-120.48248773107478,8.109911548282998,157.26125899762965,-120.48248773107478,8.109911548282998,157.26125899762965,-158.51223084958582,6.6239802001017614,158.77177475189569,-158.51223084958582,6.6239802001017614,158.77177475189569,-171.43158371628641,-11.266476902768028,160.09024735651718,-171.43158371628641,-11.266476902768028,160.09024735651718,11.545157168346696,11.545157168346696,10.059225820165459,-7.83123128270433,False,False,False
2026-06-01|2026-06-08,2026-06-01,2026-06-08,-91.018375407866387,0,16.394925309878644,3.1558950657859417,91.018375407866387,107.41330071774503,94.174270473652328,41.931314344092755,29.618258765245621,29.480237935423496,41.983465301094562,869.0844287291826,False,-12.313055578847134,-12.451076408669259,0.05215095700180683,-89.141789160285583,7.2845451861192068,120.47262210997188,-89.141789160285583,7.2845451861192068,120.47262210997188,-120.48248773107478,7.2845451861192068,157.26125899762965,-120.48248773107478,7.2845451861192068,157.26125899762965,-158.5139619566244,6.589803876018637,157.97687796566967,-158.5139619566244,6.589803876018637,157.97687796566967,-171.43158371628641,-13.082816138196932,160.09024735651718,-171.43158371628641,-13.082816138196932,160.09024735651718,98.30292059398559,98.30292059398559,97.608179283885022,77.935559269669454,False,False,False
2026-06-02|2026-06-09,2026-06-02,2026-06-09,-65.241651643918047,0,14.741102259383773,3.1558950657859417,65.241651643918047,79.982753903301813,68.397546709703988,43.823011764447621,28.722898898958999,29.458193256129956,41.983465301094562,867.78514991550037,False,-15.100112865488622,-14.364818508317665,-1.8395464633530594,-86.367726342039504,7.2845451861192068,117.21634530766968,-86.367726342039504,7.2845451861192068,117.21634530766968,-120.48248773107478,7.2845451861192068,157.26125899762965,-120.48248773107478,7.2845451861192068,157.26125899762965,-158.46711883706394,6.3561896325777454,157.60343118024275,-158.46711883706394,6.3561896325777454,157.60343118024275,-171.43158371628641,-13.082816138196932,160.09024735651718,-171.43158371628641,-13.082816138196932,160.09024735651718,72.52619683003725,72.52619683003725,71.597841276495785,52.158835505721115,False,False,False
2026-06-03|2026-06-10,2026-06-03,2026-06-10,-64.577234372309448,0,18.701602685608723,3.1558950657859417,64.577234372309448,83.278837057918167,67.733129438095389,43.732503802460421,28.803967451980373,27.749637971659673,41.472237034643058,770.04240755817636,False,-14.928536350480048,-15.982865830800748,-2.2602667678173631,-86.655874642475553,6.8335268341579436,117.29408981576668,-86.655874642475553,6.8335268341579436,117.29408981576668,-120.48248773107478,6.8335268341579436,157.26125899762965,-120.48248773107478,6.8335268341579436,157.26125899762965,-154.01253323037173,5.7983453815825037,156.85035942996842,-154.01253323037173,5.7983453815825037,156.85035942996842,-171.43158371628641,-11.266476902768028,160.09024735651718,-171.43158371628641,-11.266476902768028,160.09024735651718,71.410761206467384,71.410761206467384,70.375579753891955,53.310757469541421,False,False,False
2026-06-04|2026-06-11,2026-06-04,2026-06-11,-88.487972508590758,0,16.666517239763802,3.1558950657859417,88.487972508590758,105.15448974835456,91.643867574376699,42.578153863236444,28.459769659792556,30.602193554530171,41.472237034643058,936.49425034892784,False,-14.118384203443888,-11.975960308706274,-1.1059168285933865,-85.355160573812512,7.2845451861192068,116.02776572677624,-85.355160573812512,7.2845451861192068,116.02776572677624,-120.48248773107478,7.2845451861192068,157.26125899762965,-120.48248773107478,7.2845451861192068,157.26125899762965,-154.6569574410953,5.8638913627376414,157.11155059730166,-154.6569574410953,5.8638913627376414,157.11155059730166,-171.43158371628641,-11.266476902768028,160.09024735651718,-171.43158371628641,-11.266476902768028,160.09024735651718,95.772517694709961,95.772517694709961,94.351863871328405,77.221495605822724,False,False,False
2026-06-05|2026-06-12,2026-06-05,2026-06-12,-62.714776632301074,0,17.086062378572151,3.1558950657859417,62.714776632301074,79.800839010873233,65.870671698087023,44.137664681956615,27.592770425296951,24.215261470313418,37.196780215615824,586.37888807564559,False,-16.544894256659664,-19.922403211643196,-6.9408844663407905,-82.698922353188834,6.8335268341579436,112.61883068839676,-82.698922353188834,6.8335268341579436,112.61883068839676,-120.48248773107478,6.8335268341579436,157.26125899762965,-120.48248773107478,6.8335268341579436,157.26125899762965,-154.5878997762141,5.6731932035345478,154.09429162254247,-154.5878997762141,5.6731932035345478,154.09429162254247,-171.43158371628641,-13.082816138196932,150.76500266931305,-171.43158371628641,-13.082816138196932,150.76500266931305,69.548303466459018,69.548303466459018,68.387969835835619,49.631960494104142,False,False,False
2026-06-08|2026-06-15,2026-06-08,2026-06-15,58.058925476605069,0,22.658235600054603,3.1558950657859417,-58.058925476605069,-35.400689876550466,-54.903030410819127,26.667890426349885,34.037005421701139,30.293847541294777,37.196780215615824,917.71719885521168,False,7.3691149953512536,3.6259571149448924,10.528889789265939,-102.63001090151862,6.4422232213068309,136.04794819747389,-102.63001090151862,6.4422232213068309,136.04794819747389,-120.48248773107478,6.4422232213068309,157.26125899762965,-120.48248773107478,6.4422232213068309,157.26125899762965,-163.86181914370803,5.9195125410398717,156.85634166013716,-163.86181914370803,5.9195125410398717,156.85634166013716,-171.43158371628641,-12.303887592529032,150.76500266931305,-171.43158371628641,-12.303887592529032,150.76500266931305,-51.616702255298236,-51.616702255298236,-52.139412935565197,-70.362813069134106,False,False,False
2026-06-09|2026-06-16,2026-06-09,2026-06-16,18.145683919468247,0,21.805801564278607,3.1558950657859417,-18.145683919468247,3.6601176448103594,-14.989788853682306,23.931498347657509,33.735310715173654,32.822838768330911,37.196780215615824,1077.3387448118465,False,9.8038123675161444,8.8913404206734015,13.265281867958315,-104.40990082722364,6.0527508281471576,138.0546576126863,-104.40990082722364,6.0527508281471576,138.0546576126863,-120.48248773107478,6.0527508281471576,157.26125899762965,-120.48248773107478,6.0527508281471576,157.26125899762965,-164.27122624517864,6.3158847264575648,156.84804426749008,-164.27122624517864,6.3158847264575648,156.84804426749008,-149.68943134633452,-5.4219021548251778,150.76500266931305,-149.68943134633452,-5.4219021548251778,150.76500266931305,-12.09293309132109,-12.09293309132109,-11.829799193010683,-23.567586074293423,False,False,False
2026-06-10|2026-06-17,2026-06-10,2026-06-17,45.064563653696155,0,17.112903494590018,3.1558950657859417,-45.064563653696155,-27.951660159106137,-41.908668587910213,20.035812410304484,33.489901334707696,31.57879724296566,37.196780215615824,997.22043531233567,False,13.454088924403212,11.542984832661176,17.160967805311341,-104.32948412058654,5.1576952852006031,137.70597537076063,-104.32948412058654,5.1576952852006031,137.70597537076063,-120.48248773107478,5.1576952852006031,157.26125899762965,-120.48248773107478,5.1576952852006031,157.26125899762965,-164.78214642597374,6.2707463315586986,155.27494697810533,-164.78214642597374,6.2707463315586986,155.27494697810533,-149.68943134633452,-5.4219021548251778,150.76500266931305,-149.68943134633452,-5.4219021548251778,150.76500266931305,-39.906868368495552,-39.906868368495552,-38.793817322137457,-50.486465808521331,False,False,False
2026-06-11|2026-06-18,2026-06-11,2026-06-18,-65.875010834706146,0,19.113118298189985,3.1558950657859417,65.875010834706146,84.988129132896134,69.030905900492087,54.005794640230221,32.472439572149547,32.267351832636109,37.196780215615824,1041.1819942911247,False,-21.533355068080674,-21.738442807594112,-16.809014424614396,-101.55460090958124,4.262763742038933,134.04644185742936,-101.55460090958124,4.262763742038933,134.04644185742936,-120.48248773107478,4.262763742038933,157.26125899762965,-120.48248773107478,4.262763742038933,157.26125899762965,-164.64427109204215,6.2369933474870409,155.26558848804405,-164.64427109204215,6.2369933474870409,155.26558848804405,-149.68943134633452,-5.4219021548251778,150.76500266931305,-149.68943134633452,-5.4219021548251778,150.76500266931305,70.137774576745073,70.137774576745073,72.112004182193189,60.45310867988097,False,False,False
2026-06-12|2026-06-19,2026-06-12,2026-06-19,-86.452839975793566,0,21.01727127222582,3.1558950657859417,86.452839975793566,107.47011124801938,89.608735041579507,52.790841504544865,32.121053049573433,33.453724484543024,37.196780215615824,1119.1516818877135,False,-20.669788454971432,-19.337117020001841,-15.594061288929041,-100.389487996207,3.8183254010282215,132.45748864097726,-100.389487996207,3.8183254010282215,132.45748864097726,-120.48248773107478,3.8183254010282215,157.26125899762965,-120.48248773107478,3.8183254010282215,157.26125899762965,-160.84928658984774,7.1109357010066034,154.48342859136292,-160.84928658984774,7.1109357010066034,154.48342859136292,-149.68943134633452,-12.303887592529032,150.76500266931305,-149.68943134633452,-12.303887592529032,150.76500266931305,90.271165376821784,90.271165376821784,93.563775676800162,74.148952383264529,False,False,False
2026-06-15|2026-06-22,2026-06-15,2026-06-22,-130.09390884811012,0,11.974316933643404,3.1558950657859417,130.09390884811012,142.06822578175351,133.24980391389607,50.656747847595987,32.273946521235175,32.667932439800467,37.196780215615824,1067.1938098913679,False,-18.382801326360813,-17.988815407795521,-13.459967631980163,-101.09762587749012,3.8183254010282215,133.33164827965541,-101.09762587749012,3.8183254010282215,133.33164827965541,-120.48248773107478,3.8183254010282215,157.26125899762965,-120.48248773107478,3.8183254010282215,157.26125899762965,-161.92169995087849,7.3525262869814609,154.60107939370334,-161.92169995087849,7.3525262869814609,154.60107939370334,-149.68943134633452,-11.266476902768028,150.76500266931305,-149.68943134633452,-11.266476902768028,150.76500266931305,133.91223424913835,133.91223424913835,137.44643513509158,118.82743194534208,False,False,False
2026-06-16|2026-06-23,2026-06-16,2026-06-23,-174.22804899085764,0,14.406625653474052,3.1558950657859417,174.22804899085764,188.63467464433171,177.3839440566436,56.260267759501723,31.410790373387087,30.358916467835982,37.196780215615824,921.66380910104283,False,-24.849477386114636,-25.90135129166574,-19.063487543885898,-98.289488434770718,4.262763742038933,130.04182212572007,-98.289488434770718,4.262763742038933,130.04182212572007,-120.48248773107478,4.262763742038933,157.26125899762965,-120.48248773107478,4.262763742038933,157.26125899762965,-161.424207546464,7.9878701866687107,154.5974958956443,-161.424207546464,7.9878701866687107,154.5974958956443,-149.68943134633452,-11.266476902768028,150.76500266931305,-149.68943134633452,-11.266476902768028,150.76500266931305,178.49081273289659,178.49081273289659,182.21591917752636,162.96157208808961,False,False,False
2026-06-17|2026-06-24,2026-06-17,2026-06-24,-216.5473211974822,0,11.975877446552872,3.1558950657859417,216.5473211974822,228.52319864403506,219.70321626326816,59.83804261803521,30.460486046732942,30.445076876988505,37.196780215615824,926.90270604574005,False,-29.377556571302268,-29.392965741046705,-22.641262402419386,-95.146237309268329,5.1576952852006031,126.5884767097522,-95.146237309268329,5.1576952852006031,126.5884767097522,-120.48248773107478,5.1576952852006031,157.26125899762965,-120.48248773107478,5.1576952852006031,157.26125899762965,-161.304126095632,8.2276211038897085,152.74782544361267,-161.304126095632,8.2276211038897085,152.74782544361267,-149.68943134633452,-11.266476902768028,150.76500266931305,-149.68943134633452,-11.266476902768028,150.76500266931305,221.70501648268282,221.70501648268282,224.77494230137191,205.28084429471417,False,False,False
2026-06-18|2026-06-25,2026-06-18,2026-06-25,-103.83038129307964,0,17.837901366021729,3.1558950657859417,103.83038129307964,121.66828265910137,106.98627635886558,32.640780337372028,40.334955189866243,35.775972544297822,41.472237034643058,1279.9202114903514,False,7.6941748524942142,3.1351922069257938,8.8314566972710296,-125.68255275400981,5.1576952852006031,163.55660498118581,-125.68255275400981,5.1576952852006031,163.55660498118581,-120.48248773107478,5.1576952852006031,157.26125899762965,-120.48248773107478,5.1576952852006031,157.26125899762965,-174.13314693086289,8.2503668644306938,159.12773907729849,-174.13314693086289,8.2503668644306938,159.12773907729849,-149.68943134633452,2.7187623024922294,160.09024735651718,-149.68943134633452,2.7187623024922294,160.09024735651718,108.98807657828024,108.98807657828024,112.08074815751033,106.54914359557186,False,False,False
2026-06-19|2026-06-26,2026-06-19,2026-06-26,-57.556466381792902,0,19.594788815735058,3.1558950657859417,57.556466381792902,77.151255197527959,60.712361447578843,40.014189795275009,39.127209181356207,35.648590157359557,41.472237034643058,1270.8219802073927,False,-0.88698061391880145,-4.3655996379154516,1.4580472393680495,-124.12436485858844,4.262763742038933,161.72797587731333,-124.12436485858844,4.262763742038933,161.72797587731333,-120.48248773107478,4.262763742038933,157.26125899762965,-120.48248773107478,4.262763742038933,157.26125899762965,-174.209778077111,8.3129886669313926,158.90832314072995,-174.209778077111,8.3129886669313926,158.90832314072995,-149.68943134633452,2.7187623024922294,160.09024735651718,-149.68943134633452,2.7187623024922294,160.09024735651718,61.819230123831836,61.819230123831836,65.869455048724291,60.275228684285132,False,False,False
2026-06-22|2026-06-29,2026-06-22,2026-06-29,-43.645251396646771,0,14.28123293985518,3.1558950657859417,43.645251396646771,57.92648433650195,46.801146462432712,39.831870389410859,38.007939080226912,34.053318721394348,41.472237034643058,1159.6285159408667,False,-1.8239313091839477,-5.7785516680165117,1.6403666452321986,-121.88628896024296,3.8183254010282215,157.21671098068404,-121.88628896024296,3.8183254010282215,157.21671098068404,-121.92279450278532,3.8183254010282215,157.26125899762965,-121.92279450278532,3.8183254010282215,157.26125899762965,-172.66091825833172,7.7039089526790416,158.78283709384402,-172.66091825833172,7.7039089526790416,158.78283709384402,-149.68943134633452,2.7187623024922294,160.09024735651718,-149.68943134633452,2.7187623024922294,160.09024735651718,47.463576797674989,47.463576797674989,51.349160349325814,46.364013699139001,False,False,False
2026-06-23|2026-06-30,2026-06-23,2026-06-30,1.7556179775279901,0,12.816471172397442,3.1558950657859417,-1.7556179775279901,11.060853194869452,1.4002770882579516,31.376982192177802,39.308870502344504,36.419110671291008,41.472237034643058,1326.3516220877425,False,7.9318883101667019,5.0421284791132059,10.095254842465256,-127.8922448780492,2.9780878046525849,157.56569543675212,-127.8922448780492,2.9780878046525849,157.56569543675212,-122.92295545374419,2.9780878046525849,151.69583518662731,-122.92295545374419,2.9780878046525849,151.69583518662731,-175.24836514379683,6.998386034403131,159.36656501175875,-175.24836514379683,6.998386034403131,159.36656501175875,-149.68943134633452,2.7187623024922294,165.1776643316573,-149.68943134633452,2.7187623024922294,165.1776643316573,1.2224698271245948,1.2224698271245948,5.2427680568751409,0.9631443249642393,False,False,False
2026-06-24|2026-07-01,2026-06-24,2026-07-01,37.918871252207168,0,15.809277052146356,3.1558950657859417,-37.918871252207168,-22.109594200060812,-34.762976186421227,24.216586221662894,39.71762669635703,35.257754489976513,41.472237034643058,1243.1092516754588,False,15.501040474694136,11.041168268313619,17.255650812980164,-131.88186770143321,-0.42929505945143992,150.53578042344907,-131.88186770143321,-0.42929505945143992,150.53578042344907,-125.94002371242853,-0.42929505945143992,143.71194344347023,-125.94002371242853,-0.42929505945143992,143.71194344347023,-176.93792215037519,7.2659999913746498,160.28744328679934,-176.93792215037519,7.2659999913746498,160.28744328679934,-149.68943134633452,3.2794690929655981,165.1776643316573,-149.68943134633452,3.2794690929655981,165.1776643316573,-38.348166311658609,-38.348166311658609,-30.652871260832519,-34.63940215924157,False,False,False
2026-06-25|2026-07-02,2026-06-25,2026-07-02,50.255686827718193,0,2.3004461524913991,3.1558950657859417,-50.255686827718193,-47.955240675226797,-47.099791761932252,25.006707956353736,38.510091011936495,30.470454642947853,41.472237034643058,928.44860614794243,False,13.503383055582759,5.4637466865941171,16.465529078289322,-127.86352369664095,-3.8639140188240217,138.74712448569349,-127.86352369664095,-3.8639140188240217,138.74712448569349,-125.94002371242853,-3.8639140188240217,136.53492131001661,-125.94002371242853,-3.8639140188240217,136.53492131001661,-176.64819011132016,7.0331876148512222,159.64428318849201,-176.64819011132016,7.0331876148512222,159.64428318849201,-149.68943134633452,2.7187623024922294,164.89930676473395,-149.68943134633452,2.7187623024922294,164.89930676473395,-54.119600846542212,-54.119600846542212,-43.222499212866971,-47.536924525225963,False,False,False
2026-06-26|2026-07-03,2026-06-26,2026-07-03,41.224453995265534,0,-1.6021829960635654,3.1558950657859417,-41.224453995265534,-42.826636991329103,-38.068558929479593,21.300290834408301,39.451290740708203,37.316523200450888,41.472237034643058,1392.5229037697893,False,18.150999906299901,16.016232366042587,20.171946200234757,-131.43783452595972,-4.2964589218746907,132.52781714873549,-131.43783452595972,-4.2964589218746907,132.52781714873549,-125.94002371242853,-4.2964589218746907,126.61130113685108,-125.94002371242853,-4.2964589218746907,126.61130113685108,-177.34163660859454,7.1099768461726702,161.02076332964441,-177.34163660859454,7.1099768461726702,161.02076332964441,-149.68943134633452,4.9039081969291685,164.89930676473395,-149.68943134633452,4.9039081969291685,164.89930676473395,-45.520912917140222,-45.520912917140222,-34.114477149092863,-36.320545798336369,False,False,False
2026-06-29|2026-07-06,2026-06-29,2026-07-06,7.8905839032072933,0,-2.405680371108549,3.1558950657859417,-7.8905839032072933,-10.296264274315842,-4.734688837421352,24.820220259402706,38.264527691705624,35.893871475961859,37.196780215615824,1288.3700095328682,False,13.444307432302917,11.073651216559153,12.376559956213118,-127.97657829162635,-4.7401703030858222,118.3873478708306,-127.97657829162635,-4.7401703030858222,118.3873478708306,-125.94002371242853,-4.7401703030858222,116.35259276026559,-125.94002371242853,-4.7401703030858222,116.35259276026559,-177.24543111187504,7.6387591426091843,156.49540185868867,-177.24543111187504,7.6387591426091843,156.49540185868867,-149.68943134633452,6.3386352814191769,155.57406207752982,-149.68943134633452,6.3386352814191769,155.57406207752982,-12.630754206293116,-12.630754206293116,-0.25182476059810899,-1.5519486217881164,False,False,False
2026-06-30|2026-07-07,2026-06-30,2026-07-07,34.228541337546488,0,-2.6203348826320947,3.1558950657859417,-34.228541337546488,-36.848876220178582,-31.072646271760547,25.369992460034553,37.188235257449335,30.562103593731848,37.196780215615824,934.0421760739971,False,11.818242797414783,5.1921111336972956,11.826787755581272,-124.58023980885662,-4.7401703030858222,114.99401034105701,-124.58023980885662,-4.7401703030858222,114.99401034105701,-125.94002371242853,-4.7401703030858222,116.35259276026559,-125.94002371242853,-4.7401703030858222,116.35259276026559,-177.14925010481318,7.9951018000657168,153.90402730969623,-177.14925010481318,7.9951018000657168,153.90402730969623,-154.83746867524698,6.3386352814191769,155.57406207752982,-154.83746867524698,6.3386352814191769,155.57406207752982,-38.968711640632307,-38.968711640632307,-26.23343953748077,-27.889906056127312,False,False,False
2026-07-01|2026-07-08,2026-07-01,2026-07-08,18.448563647543992,0,-5.1519484176024015,4.1242013935159401,-18.448563647543992,-23.600512065146393,-14.324362254028053,27.453126716434362,36.132799093396827,25.815233356603862,37.196780215615824,666.42627325591275,False,8.6796723769624649,-1.6378933598304997,9.7436534991814625,-121.19032078982364,-4.7401703030858222,111.60708660287972,-121.19032078982364,-4.7401703030858222,111.60708660287972,-125.94002371242853,-4.7401703030858222,116.35259276026559,-125.94002371242853,-4.7401703030858222,116.35259276026559,-176.3976731728971,7.5301705809011565,153.47180718488451,-176.3976731728971,7.5301705809011565,153.47180718488451,-149.68943134633452,6.3386352814191769,155.57406207752982,-149.68943134633452,6.3386352814191769,155.57406207752982,-23.188733950629814,-23.188733950629814,-10.918393066642835,-12.109928366124816,False,False,False
2026-07-02|2026-07-09,2026-07-02,2026-07-09,31.581717694535438,0,-13.414794416547103,3.1558950657859417,-31.581717694535438,-44.996512111082538,-28.425822628749497,29.358944064936825,35.200834792078744,23.995119544207672,37.196780215615824,575.7657619408169,False,5.8418907271419194,-5.3638245207291533,7.8378361506789993,-118.33041400686952,-4.7401703030858222,108.7497067900355,-118.33041400686952,-4.7401703030858222,108.7497067900355,-125.94002371242853,-4.7401703030858222,116.35259276026559,-125.94002371242853,-4.7401703030858222,116.35259276026559,-176.60969117568663,6.5799606127107646,143.87987776325053,-176.60969117568663,6.5799606127107646,143.87987776325053,-149.68943134633452,4.9039081969291685,155.57406207752982,-149.68943134633452,4.9039081969291685,155.57406207752982,-36.321887997621261,-36.321887997621261,-25.001757081824675,-26.677809497606269,False,False,True
2026-07-03|2026-07-10,2026-07-03,2026-07-10,-15.723270440252124,0,-16.146299870705032,3.1558950657859417,15.723270440252124,-0.42302943045290853,18.879165506038067,22.275732953868754,35.715847824818411,25.87048611090739,37.196780215615824,669.28205161465212,False,13.440114870949657,3.5947531570386353,14.92104726174707,-119.6828178386609,-4.2964589218746907,110.14654350357196,-119.6828178386609,-4.2964589218746907,110.14654350357196,-125.94002371242853,-4.2964589218746907,116.35259276026559,-125.94002371242853,-4.2964589218746907,116.35259276026559,-178.12153935946642,6.5580130834375012,144.78912708887512,-178.12153935946642,6.5580130834375012,144.78912708887512,-149.68943134633452,4.9039081969291685,155.57406207752982,-149.68943134633452,4.9039081969291685,155.57406207752982,11.426811518377434,11.426811518377434,22.281283523689623,20.627178637181292,False,False,True
2026-07-06|2026-07-13,2026-07-06,2026-07-13,7.8843626806834877,0,-10.351679081766015,3.1558950657859417,-7.8843626806834877,-18.236041762449503,-4.7284676148975464,18.317526959469806,35.340355979407001,23.378534323603255,37.196780215615824,546.55586711989554,False,17.022829019937195,5.0610073641334488,18.879253256146018,-118.35672715205682,-3.8639140188240217,108.88481364569628,-118.35672715205682,-3.8639140188240217,108.88481364569628,-125.94002371242853,-3.8639140188240217,116.35259276026559,-125.94002371242853,-3.8639140188240217,116.35259276026559,-172.61572933617663,6.1915671202051774,145.0228744582808,-172.61572933617663,6.1915671202051774,145.0228744582808,-149.68943134633452,4.9039081969291685,150.76500266931305,-149.68943134633452,4.9039081969291685,150.76500266931305,-11.74827669950751,-11.74827669950751,-1.6927955604783103,-2.9804544837543192,False,False,True
2026-07-07|2026-07-14,2026-07-07,2026-07-14,-24.490509927402869,0,-6.9154102842396412,3.1558950657859417,24.490509927402869,17.575099643163227,27.64640499318881,18.469532426515769,34.480769670607252,23.138453264540594,37.196780215615824,535.3880194753292,False,16.011237244091483,4.6689208380248246,18.727247789100055,-115.28944454962776,-0.83981382126785398,106.37525535482337,-115.28944454962776,-0.83981382126785398,106.37525535482337,-125.94002371242853,-0.83981382126785398,116.35259276026559,-125.94002371242853,-0.83981382126785398,116.35259276026559,-172.08057946645263,5.9728050833911324,144.85445473334795,-172.08057946645263,5.9728050833911324,144.85445473334795,-149.68943134633452,4.9039081969291685,150.76500266931305,-149.68943134633452,4.9039081969291685,150.76500266931305,23.650696106135015,23.650696106135015,30.463315010794002,29.394418124332038,False,False,True
2026-07-08|2026-07-15,2026-07-08,2026-07-15,1.7537706068049275,0,-7.9656287815343312,3.1558950657859417,-1.7537706068049275,-9.7193993883392586,1.4021244589810142,14.580775244156007,34.002817271998559,19.331855688086335,37.196780215615824,373.72064434499595,False,19.422042027842551,4.7510804439303289,22.616004971459816,-113.38471555204718,2.1661367393444042,105.16151390793976,-113.38471555204718,2.1661367393444042,105.16151390793976,-125.94002371242853,2.1661367393444042,116.35259276026559,-125.94002371242853,2.1661367393444042,116.35259276026559,-171.79062839827597,6.386659774969746,139.78290990508532,-171.79062839827597,6.386659774969746,139.78290990508532,-149.68943134633452,6.3386352814191769,150.76500266931305,-149.68943134633452,6.3386352814191769,150.76500266931305,0.41236613253947674,0.41236613253947674,4.6328891681648185,4.5848646746142494,False,False,True
2026-07-09|2026-07-16,2026-07-09,2026-07-16,27.984258854394373,0,-6.0094085855235502,3.1558950657859417,-27.984258854394373,-33.993667439917921,-24.828363788608431,25.23581800613595,33.632669630459965,20.84039655173941,37.196780215615824,434.32212843375191,False,8.3968516243240146,-4.3954214543965406,11.960962209479874,-111.9265705223229,2.9780878046525849,104.02873617060114,-111.9265705223229,2.9780878046525849,104.02873617060114,-125.94002371242853,2.9780878046525849,116.35259276026559,-125.94002371242853,2.9780878046525849,116.35259276026559,-172.4576051676695,6.7800420816568137,140.20000541534199,-172.4576051676695,6.7800420816568137,140.20000541534199,-149.68943134633452,6.3386352814191769,150.76500266931305,-149.68943134633452,6.3386352814191769,150.76500266931305,-25.006171049741788,-25.006171049741788,-21.20421677273756,-21.645623572975197,False,False,True
2026-07-10|2026-07-17,2026-07-10,2026-07-17,4.3744531933498365,0,-8.4154737267052777,3.1558950657859417,-4.3744531933498365,-12.789926920055114,-1.2185581275638948,28.085111771844726,32.625668193624442,15.253189784379211,37.196780215615824,232.65979859829031,False,4.5405564217797156,-12.831921987465515,9.111668443771098,-108.55431996283012,2.9780878046525849,101.06307654939168,-108.55431996283012,2.9780878046525849,101.06307654939168,-125.94002371242853,2.9780878046525849,116.35259276026559,-125.94002371242853,2.9780878046525849,116.35259276026559,-171.87086350990904,6.1591107231438205,140.15322584145969,-171.87086350990904,6.1591107231438205,140.15322584145969,-149.68943134633452,6.3386352814191769,150.76500266931305,-149.68943134633452,6.3386352814191769,150.76500266931305,-1.3963653886972516,-1.3963653886972516,1.784657529793984,1.9641820880693404,False,False,True
2026-07-13|2026-07-20,2026-07-13,2026-07-20,1.7507002801120386,0,-2.138077339450255,3.1558950657859417,-1.7507002801120386,-3.8887776195622936,1.4051947856739031,28.207296296392609,31.657882244642561,14.75785153382537,37.196780215615824,217.79418189443183,False,3.4505859482499517,-13.449444762567239,8.9894839192232148,-105.55278979033992,3.8183254010282215,98.671553747526644,-105.55278979033992,3.8183254010282215,98.671553747526644,-125.94002371242853,3.8183254010282215,116.35259276026559,-125.94002371242853,3.8183254010282215,116.35259276026559,-171.13677508147984,6.7208713139376943,140.03386724818893,-171.13677508147984,6.7208713139376943,140.03386724818893,-149.68943134633452,1.4224536147827906,150.76500266931305,-149.68943134633452,1.4224536147827906,150.76500266931305,2.0676251209161829,2.0676251209161829,4.9701710338256557,-0.32824666532924796,False,False,True
2026-07-14|2026-07-21,2026-07-14,2026-07-21,11.398509425688541,0,-3.1552842989917806,3.1558950657859417,-11.398509425688541,-14.553793724680322,-8.2426143599025998,27.388566990509961,30.962637645023282,13.084018896364066,37.196780215615824,171.19155048041193,False,3.5740706545133207,-14.304548094145895,9.8082132251058631,-103.16838534803335,3.8183254010282215,96.603654388168508,-103.16838534803335,3.8183254010282215,96.603654388168508,-125.94002371242853,3.8183254010282215,116.35259276026559,-125.94002371242853,3.8183254010282215,116.35259276026559,-171.22882515086474,6.6777509320344839,139.5744566384254,-171.22882515086474,6.6777509320344839,139.5744566384254,-149.68943134633452,1.4224536147827906,150.76500266931305,-149.68943134633452,1.4224536147827906,150.76500266931305,-7.5801840246603192,-7.5801840246603192,-4.7207584936540572,-9.9760558109057502,False,False,True
2026-07-15|2026-07-22,2026-07-15,2026-07-22,1.7534630896021142,0,-5.4482312142312734,3.1558950657859417,-1.7534630896021142,-7.2016943038333876,1.4024319761838275,27.664430423782548,30.020159255420968,10.926786303208548,37.196780215615824,119.39465891598591,False,2.3557288316384195,-16.737644120574,9.5323497918332762,-100.46480706628935,3.8183254010282215,94.258948222722623,-100.46480706628935,3.8183254010282215,94.258948222722623,-125.94002371242853,3.8183254010282215,116.35259276026559,-125.94002371242853,3.8183254010282215,116.35259276026559,-170.85923701051124,6.3786896520243594,139.52033807973126,-170.85923701051124,6.3786896520243594,139.52033807973126,-149.68943134633452,5.3790960502974308,150.76500266931305,-149.68943134633452,5.3790960502974308,150.76500266931305,2.0648623114261073,2.0648623114261073,4.6252265624222453,3.6256329606953166,False,False,True
2026-07-16|2026-07-23,2026-07-16,2026-07-23,-65.405075433854208,0,3.0597024723589041,4.1242013935159401,65.405075433854208,68.464777906213115,69.529276827370154,15.252107360805965,31.917831914429428,22.473755212122928,37.196780215615824,505.06967333442248,False,16.665724553623463,7.2216478513169626,21.944672854809859,-106.57575143865724,4.262763742038933,99.682151130984352,-106.57575143865724,4.262763742038933,99.682151130984352,-125.94002371242853,4.262763742038933,116.35259276026559,-125.94002371242853,4.262763742038933,116.35259276026559,-160.65971424405242,6.0589721346625964,140.91907734717793,-160.65971424405242,6.0589721346625964,140.91907734717793,-149.68943134633452,6.3386352814191769,150.76500266931305,-149.68943134633452,6.3386352814191769,150.76500266931305,69.667839175893135,69.667839175893135,71.464047568516804,71.74371071527338,False,False,True
2026-07-17|2026-07-24,2026-07-17,2026-07-24,-50.721469173590215,0,4.7793222892525602,6.4372688055515521,50.721469173590215,55.500791462842777,57.158737979141769,10.561754214663033,31.691455613576281,23.828719685028894,37.196780215615824,567.80788182768356,False,21.129701398913248,13.266965470365861,26.635026000952791,-105.78552115074208,4.262763742038933,99.001852501522166,-105.78552115074208,4.262763742038933,99.001852501522166,-125.94002371242853,4.262763742038933,116.35259276026559,-125.94002371242853,4.262763742038933,116.35259276026559,-161.34348932791235,6.5196676283422414,140.73228563860238,-161.34348932791235,6.5196676283422414,140.73228563860238,-149.68943134633452,6.3386352814191769,150.76500266931305,-149.68943134633452,6.3386352814191769,150.76500266931305,54.98423291562915,54.98423291562915,57.241136801932456,57.060104455009395,False,False,True
2026-07-20|2026-07-27,2026-07-20,2026-07-27,-32.382286014352999,0,3.3800890779878894,6.4372688055515521,32.382286014352999,35.762375092340889,38.819554819904553,11.018703427907969,30.786429028834881,22.543782041600931,37.196780215615824,508.22210873920858,False,19.767725600926912,11.525078613692962,26.178076787707855,-102.79319067818156,3.8183254010282215,96.278262938775597,-102.79319067818156,3.8183254010282215,96.278262938775597,-125.94002371242853,3.8183254010282215,116.35259276026559,-125.94002371242853,3.8183254010282215,116.35259276026559,-161.30203651381419,5.8643845012442464,140.62044305614509,-161.30203651381419,5.8643845012442464,140.62044305614509,-161.11886777210785,6.3386352814191769,150.76500266931305,-161.11886777210785,6.3386352814191769,150.76500266931305,36.200611415381218,36.200611415381218,38.246670515597245,38.720921295772179,False,False,True
2026-07-21|2026-07-28,2026-07-21,2026-07-28,-44.666316342616419,0,9.3534910350345672,6.4372688055515521,44.666316342616419,54.019807377650984,51.103585148167973,13.646824566502694,29.897780570692625,21.561465599844961,37.196780215615824,464.89679881329766,False,16.250956004189931,7.9146410333422672,23.54995564911313,-99.804563834364572,3.8183254010282215,90.44528611337536,-99.804563834364572,3.8183254010282215,90.44528611337536,-125.94002371242853,3.8183254010282215,112.29408296474594,-125.94002371242853,3.8183254010282215,112.29408296474594,-157.41164790318359,6.4156406498098111,139.99901028826827,-157.41164790318359,6.4156406498098111,139.99901028826827,-149.68943134633452,5.1651393842089419,150.76500266931305,-149.68943134633452,5.1651393842089419,150.76500266931305,48.484641743644637,48.484641743644637,51.081956992426228,49.831455726825361,False,False,True
2026-07-22|2026-07-29,2026-07-22,2026-07-29,-24.544179523142695,0,13.810579118533893,6.4372688055515521,24.544179523142695,38.35475864167659,30.981448328694249,14.037598965389527,29.066250296757051,21.064991620923038,37.196780215615824,443.73387198955783,False,15.028651331367524,7.0273926555335109,23.159181250226297,-97.20470114632441,2.9780878046525849,87.927992385271722,-97.20470114632441,2.9780878046525849,87.927992385271722,-125.94002371242853,2.9780878046525849,112.29408296474594,-125.94002371242853,2.9780878046525849,112.29408296474594,-154.78444685197209,6.7534043812552564,137.77559965744325,-154.78444685197209,6.7534043812552564,137.77559965744325,-149.68943134633452,-1.9494549781393251,150.76500266931305,-149.68943134633452,-1.9494549781393251,150.76500266931305,27.52226732779528,27.52226732779528,31.297583904397953,22.59472454500337,False,False,True
2026-07-23|2026-07-30,2026-07-23,2026-07-30,73.735955056180018,0,15.266185001212444,6.4372688055515521,-73.735955056180018,-58.469770054967576,-67.298686250628464,39.761599412159846,28.389408984990549,12.301361132519292,37.196780215615824,151.32348571265629,False,-11.372190427169297,-27.460238279640556,-2.5648191965440219,-95.342621496364131,2.9780878046525849,86.349043643257346,-95.342621496364131,2.9780878046525849,86.349043643257346,-125.94002371242853,2.9780878046525849,112.29408296474594,-125.94002371242853,2.9780878046525849,112.29408296474594,-155.34734257347455,7.0682255845139554,137.47475187827723,-155.34734257347455,7.0682255845139554,137.47475187827723,-149.68943134633452,-4.9467143014569164,150.76500266931305,-149.68943134633452,-4.9467143014569164,150.76500266931305,-70.757867251527429,-70.757867251527429,-66.667729471666064,-78.682669357636939,False,False,False
2026-07-24|2026-07-31,2026-07-24,2026-07-31,94.928364243651586,0,17.003019399596294,6.4372688055515521,-94.928364243651586,-77.925344844055289,-88.491095438100032,39.4792466525438,27.7128749202646,0.01,37.196780215615824,-47.976529260215102,True,-11.7663717322792,-39.469246652543802,-2.2824664369279759,-92.210286706696181,2.9780878046525849,85.627219361279046,-92.210286706696181,2.9780878046525849,85.627219361279046,-122.92295545374419,2.9780878046525849,112.29408296474594,-122.92295545374419,2.9780878046525849,112.29408296474594,-151.72599393264159,6.8204324104693965,137.54531612262127,-151.72599393264159,6.8204324104693965,137.54531612262127,-171.43158371628641,-10.291719949292778,150.76500266931305,-171.43158371628641,-10.291719949292778,150.76500266931305,-91.950276438998998,-91.950276438998998,-88.107931833182192,-105.22008419294437,False,False,False
2026-07-27|2026-08-03,2026-07-27,2026-08-03,128.19387127930514,0,17.0471476409312,3.1558950657859417,-128.19387127930514,-111.14672363837394,-125.0379762135192,43.765518400768322,26.992560772969952,13.527877227358012,37.196780215615824,183.00346227847149,False,-16.77295762779837,-30.23764117341031,-6.5687381851524975,-88.988189618368565,2.9780878046525849,83.468993488735961,-88.988189618368565,2.9780878046525849,83.468993488735961,-121.92279450278532,2.9780878046525849,112.29408296474594,-121.92279450278532,2.9780878046525849,112.29408296474594,-151.99360949173621,7.3028040026339678,137.62162725415104,-151.99360949173621,7.3028040026339678,137.62162725415104,-171.43158371628641,-10.291719949292778,150.76500266931305,-171.43158371628641,-10.291719949292778,150.76500266931305,-125.21578347465255,-125.21578347465255,-120.89106727667118,-138.48559122859791,False,False,False
2026-07-28|2026-08-04,2026-07-28,2026-08-04,130.2014603677315,0,16.299795778758835,3.1558950657859417,-130.2014603677315,-113.90166458897266,-127.04556530194556,43.599508624927971,26.594566342754845,10.621228341647459,37.196780215615824,112.81049148541524,False,-17.004942282173126,-32.978280283280512,-6.4027284093121466,-87.19708932937445,2.9780878046525849,82.822112379859931,-87.19708932937445,2.9780878046525849,82.822112379859931,-120.48248773107478,2.9780878046525849,112.29408296474594,-120.48248773107478,2.9780878046525849,112.29408296474594,-152.86277163121878,6.8413150917081662,137.7968018215966,-152.86277163121878,6.8413150917081662,137.7968018215966,-171.43158371628641,-13.082816138196932,150.76500266931305,-171.43158371628641,-13.082816138196932,150.76500266931305,-127.22337256307891,-127.22337256307891,-123.36014527602333,-143.28427650592843,False,False,False
2026-07-29|2026-08-05,2026-07-29,2026-08-05,152.89982425307659,0,15.942723363135604,3.1558950657859417,-152.89982425307659,-136.95710088994099,-149.74392918729063,45.871319439724211,25.936122895578279,8.3576206664538866,37.196780215615824,69.849823204337099,False,-19.935196544145931,-37.51369877327032,-8.6745392241083863,-82.491682915689495,2.9780878046525849,80.987342530597616,-82.491682915689495,2.9780878046525849,80.987342530597616,-116.79248397202856,2.9780878046525849,112.29408296474594,-116.79248397202856,2.9780878046525849,112.29408296474594,-152.94339373465598,6.8985894206496816,135.00749246688778,-152.94339373465598,6.8985894206496816,135.00749246688778,-171.43158371628641,-13.082816138196932,150.76500266931305,-171.43158371628641,-13.082816138196932,150.76500266931305,-149.92173644842401,-149.92173644842401,-146.00123483242692,-165.98264039127352,False,False,False
2026-07-30|2026-08-06,2026-07-30,2026-08-06,57.511327988846176,0,11.673461237525032,3.1558950657859417,-57.511327988846176,-45.837866751321144,-54.355432923060235,26.504333558735752,32.546937707185506,30.621153955303566,37.196780215615824,937.65506955440321,False,6.0426041484497546,4.1168203965678138,10.692446656880072,-106.3301610254186,3.8183254010282215,102.88440887824314,-106.3301610254186,3.8183254010282215,102.88440887824314,-116.79248397202856,3.8183254010282215,112.29408296474594,-116.79248397202856,3.8183254010282215,112.29408296474594,-161.47116733327294,7.4317086179769074,139.96905420610386,-161.47116733327294,7.4317086179769074,139.96905420610386,-171.43158371628641,-5.2940592961456368,150.76500266931305,-171.43158371628641,-5.2940592961456368,150.76500266931305,-53.693002587817958,-53.693002587817958,-50.079619370869267,-62.805387284991809,False,False,False
2026-07-31|2026-08-07,2026-07-31,2026-08-07,43.535045711797778,0,14.266151363136244,3.1558950657859417,-43.535045711797778,-29.268894348661533,-40.379150646011837,26.410892777520832,31.61384522294745,33.845963037494144,37.196780215615824,1145.5492139354196,False,5.2029524454266181,7.4350702599733118,10.785887438094992,-103.20714902221307,3.8183254010282215,100.07561342542046,-103.20714902221307,3.8183254010282215,100.07561342542046,-116.79248397202856,3.8183254010282215,112.29408296474594,-116.79248397202856,3.8183254010282215,112.29408296474594,-159.49277035546967,7.0214251898588085,139.96874639692243,-159.49277035546967,7.0214251898588085,139.96874639692243,-149.68943134633452,6.3386352814191769,153.93050667987828,-149.68943134633452,6.3386352814191769,153.93050667987828,-39.71672031076956,-39.71672031076956,-36.513620521938968,-37.196410430378599,False,False,False
2026-08-03|2026-08-10,2026-08-03,2026-08-10,17.338534893800439,0,24.236915181554323,6.5399916623066838,-17.338534893800439,6.8983802877538842,-10.798543231493756,19.457650802004455,32.452844397700304,36.782403813285391,37.563912257616721,1352.9452302835916,False,12.995193595695849,17.324753011280936,18.106261455612266,-106.15553356298,3.8183254010282215,106.42793155086804,-106.15553356298,3.8183254010282215,106.42793155086804,-116.79248397202856,3.8183254010282215,116.35259276026559,-116.79248397202856,3.8183254010282215,116.35259276026559,-160.8068228206163,7.0313389476357271,141.22106811518142,-160.8068228206163,7.0313389476357271,141.22106811518142,-161.11886777210785,12.979862886953908,153.93050667987828,-161.11886777210785,12.979862886953908,153.93050667987828,-13.520209492772217,-13.520209492772217,-10.307195946164711,-4.3586720068465308,False,False,False
2026-08-04|2026-08-11,2026-08-04,2026-08-11,21.710811984367862,0,20.413115482072701,6.5399916623066838,-21.710811984367862,-1.2976965022951603,-15.170820322061179,18.76642029983223,31.749541263884137,35.558143451149625,37.563912257616721,1264.3815656925349,False,12.983120964051906,16.791723151317395,18.797491957784491,-103.91219516339574,3.8183254010282215,104.33481531569538,-103.91219516339574,3.8183254010282215,104.33481531569538,-116.79248397202856,3.8183254010282215,116.35259276026559,-116.79248397202856,3.8183254010282215,116.35259276026559,-160.75232903299312,7.072855000045311,141.07461053947418,-160.75232903299312,7.072855000045311,141.07461053947418,-149.68943134633452,12.979862886953908,153.93050667987828,-149.68943134633452,12.979862886953908,153.93050667987828,-17.89248658333964,-17.89248658333964,-14.63795698432255,-8.7309490974139532,False,False,False
2026-08-05|2026-08-12,2026-08-05,2026-08-12,-7.789510126362531,0,20.767347582070759,3.1558950657859417,7.789510126362531,28.556857708433292,10.945405192148472,11.247802402924416,31.880674022262678,36.720634414829945,37.563912257616721,1348.4049918275932,False,20.63287161933826,25.472832011905531,26.316109854692307,-104.1659244033,3.8183254010282215,104.5715539154002,-104.1659244033,3.8183254010282215,104.5715539154002,-116.79248397202856,3.8183254010282215,116.35259276026559,-116.79248397202856,3.8183254010282215,116.35259276026559,-161.58710072779928,7.039163128790908,141.58182640196344,-161.58710072779928,7.039163128790908,141.58182640196344,-149.68943134633452,6.9431838869626201,179.85422091987962,-149.68943134633452,6.9431838869626201,179.85422091987962,11.607835527390753,11.607835527390753,14.82867325515344,14.732694013325151,False,False,False
2026-08-06|2026-08-13,2026-08-06,2026-08-13,-6.9312077629524182,0,16.707418650580582,6.5399916623066838,6.9312077629524182,23.638626413533,13.471199425259101,11.094841572336319,31.013978947154545,29.318161526775143,37.563912257616721,859.55459531007807,False,19.919137374818227,18.223319954438821,26.4690706852804,-101.29453802547036,3.8183254010282215,101.89244609733645,-101.29453802547036,3.8183254010282215,101.89244609733645,-116.79248397202856,3.8183254010282215,116.35259276026559,-116.79248397202856,3.8183254010282215,116.35259276026559,-160.8474595299744,6.9123325732489365,141.41536472281078,-160.8474595299744,6.9123325732489365,141.41536472281078,-149.68943134633452,6.260770997995305,153.93050667987828,-149.68943134633452,6.260770997995305,153.93050667987828,10.74953316398064,10.74953316398064,13.843540336201354,13.191978760947723,False,False,False
2026-08-07|2026-08-14,2026-08-07,2026-08-14,27.741655830082479,0,13.594660774445243,3.1558950657859417,-27.741655830082479,-14.146995055637236,-24.585760764296538,16.716988897225448,30.105843114125772,25.386843521749107,37.563912257616721,644.49182399777465,False,13.388854216900324,8.6698546245236585,20.846923360391273,-98.241102963367993,3.8183254010282215,99.043480242378379,-98.241102963367993,3.8183254010282215,99.043480242378379,-116.79248397202856,3.8183254010282215,116.35259276026559,-116.79248397202856,3.8183254010282215,116.35259276026559,-160.8623745685411,7.4173169191051853,138.84208516284258,-160.8623745685411,7.4173169191051853,138.84208516284258,-149.68943134633452,4.9039081969291685,153.93050667987828,-149.68943134633452,4.9039081969291685,153.93050667987828,-23.923330429054257,-23.923330429054257,-20.324338910977293,-22.83774763315331,False,False,False
2026-08-10|2026-08-17,2026-08-10,2026-08-17,32.886196451753506,0,-0.67847568007910342,3.1558950657859417,-32.886196451753506,-33.564672131832609,-29.730301385967564,17.899231938729024,29.496060241520816,21.19731989460751,37.563912257616721,449.32637071432328,False,11.596828302791792,3.2980879558784864,19.664680318887697,-97.433064537360821,3.8183254010282215,98.289551032040606,-97.433064537360821,3.8183254010282215,98.289551032040606,-116.79248397202856,3.8183254010282215,116.35259276026559,-116.79248397202856,3.8183254010282215,116.35259276026559,-160.8421040462473,6.9653806478399201,138.7889848604232,-160.8421040462473,6.9653806478399201,138.7889848604232,-149.68943134633452,11.623000085887774,153.93050667987828,-149.68943134633452,11.623000085887774,153.93050667987828,-29.067871050725284,-29.067871050725284,-25.920815803913584,-21.263196365865731,False,False,False
2026-08-11|2026-08-18,2026-08-11,2026-08-18,31.195840554594234,0,-0.34616188596675318,3.1558950657859417,-31.195840554594234,-31.542002440560989,-28.039945488808293,18.157254585558604,28.773729510824925,18.735989539843477,37.563912257616721,351.03730403712416,False,10.616474925266321,0.57873495428487232,19.406657672058117,-94.977816107066047,3.8183254010282215,95.998715038779594,-94.977816107066047,3.8183254010282215,95.998715038779594,-116.79248397202856,3.8183254010282215,116.35259276026559,-116.79248397202856,3.8183254010282215,116.35259276026559,-160.75857860322685,6.8581986686731202,138.5126430464924,-160.75857860322685,6.8581986686731202,138.5126430464924,-149.68943134633452,11.623000085887774,153.93050667987828,-149.68943134633452,11.623000085887774,153.93050667987828,-27.377515153566012,-27.377515153566012,-24.337641885921116,-19.57284046870646,False,False,False
2026-08-12|2026-08-19,2026-08-12,2026-08-19,51.97055002165385,0,-2.2455901483299523,3.1558950657859417,-51.97055002165385,-54.216140169983802,-48.814654955867908,21.247357267701457,27.917346321717094,15.011701976971299,37.563912257616721,225.35119624540403,False,6.6699890540156375,-6.2356552907301577,16.316554989915264,-92.207410209716556,2.9780878046525849,93.080427271263289,-92.207410209716556,2.9780878046525849,93.080427271263289,-116.79248397202856,2.9780878046525849,116.35259276026559,-116.79248397202856,2.9780878046525849,116.35259276026559,-160.86756975623103,6.5313794823560976,138.26772230622234,-160.86756975623103,6.5313794823560976,138.26772230622234,-149.68943134633452,12.709034231454169,153.93050667987828,-149.68943134633452,12.709034231454169,153.93050667987828,-48.992462217001261,-48.992462217001261,-45.439170539297749,-39.261515790199681,False,False,False
2026-08-13|2026-08-20,2026-08-13,2026-08-20,127.44928038841641,0,1.6007208197877958,3.1558950657859417,-127.44928038841641,-125.84855956862862,-124.29338532263047,35.931268541841654,27.167304317533787,14.257992940206357,37.563912257616721,203.29036268297432,False,-8.7639642243078661,-21.673275601635297,1.6326437157750675,-89.845048131241683,2.1661367393444042,90.48618493618406,-89.845048131241683,2.1661367393444042,90.48618493618406,-116.79248397202856,2.1661367393444042,116.35259276026559,-116.79248397202856,2.1661367393444042,116.35259276026559,-157.50213052847764,6.9158301174255765,138.32626843000196,-157.50213052847764,6.9158301174255765,138.32626843000196,-149.68943134633452,9.1716531117566262,153.93050667987828,-149.68943134633452,9.1716531117566262,153.93050667987828,-125.283143649072,-125.283143649072,-120.53345027099084,-118.27762727665979,False,False,False
2026-08-14|2026-08-21,2026-08-14,2026-08-21,114.11774876804559,0,4.1347472065725857,3.1558950657859417,-114.11774876804559,-109.983001561473,-110.96185370225965,34.275776765769947,27.256086546254163,18.51340712917218,37.563912257616721,342.7462435304833,False,-7.019690219515784,-15.762369636597768,3.2881354918467736,-90.033238297393311,2.1661367393444042,90.666825632943485,-90.033238297393311,2.1661367393444042,90.666825632943485,-116.79248397202856,2.1661367393444042,116.35259276026559,-116.79248397202856,2.1661367393444042,116.35259276026559,-157.47176217794637,7.0162038950817829,138.90529574662665,-157.47176217794637,7.0162038950817829,138.90529574662665,-149.68943134633452,9.1716531117566262,153.93050667987828,-149.68943134633452,9.1716531117566262,153.93050667987828,-111.95161202870118,-111.95161202870118,-107.1015448729638,-104.94609565628896,False,False,False
2026-08-17|2026-08-24,2026-08-17,2026-08-24,61.243854049859436,0,5.0863045981772519,3.1558950657859417,-61.243854049859436,-56.157549451682186,-58.087958984073495,35.394710711054181,26.99324956328217,20.042076467199664,37.563912257616721,401.68482911707855,False,-8.4014611477720109,-15.352634243854517,2.1692015465625403,-88.984780946862401,2.9780878046525849,90.029894975126268,-88.984780946862401,2.9780878046525849,90.029894975126268,-116.79248397202856,2.9780878046525849,116.35259276026559,-116.79248397202856,2.9780878046525849,116.35259276026559,-158.006951106418,7.6422527387042036,138.11418797429053,-158.006951106418,7.6422527387042036,138.11418797429053,-149.68943134633452,9.1716531117566262,154.86294087419748,-149.68943134633452,9.1716531117566262,154.86294087419748,-58.265766245206848,-58.265766245206848,-53.601601311155235,-52.07220093810281,False,False,False
2026-08-18|2026-08-25,2026-08-18,2026-08-25,74.291637871457539,0,8.8377880134967608,4.1242013935159401,-74.291637871457539,-65.453849857960776,-70.167436477941592,34.790327183330056,26.416271539904795,17.756598396160001,37.563912257616721,315.29678660251199,False,-8.3740556434252618,-17.033728787170055,2.7735850742866646,-86.794363710977393,3.8183254010282215,88.363256619670778,-86.794363710977393,3.8183254010282215,88.363256619670778,-116.79248397202856,3.8183254010282215,116.35259276026559,-116.79248397202856,3.8183254010282215,116.35259276026559,-158.11151680659316,8.5079047235315262,138.21963394191789,-158.11151680659316,8.5079047235315262,138.21963394191789,-149.68943134633452,9.1716531117566262,154.86294087419748,-149.68943134633452,9.1716531117566262,154.86294087419748,-70.47331247042932,-70.47331247042932,-65.783733147926014,-65.119984759700912,False,False,False
2026-08-19|2026-08-26,2026-08-19,2026-08-26,55.148642826368111,0,9.8664910439081606,4.1242013935159401,-55.148642826368111,-45.282151782459948,-51.024441432852171,33.046236970797572,26.336398638786076,22.425745425533016,37.563912257616721,502.914057890815,False,-6.7098383320114969,-10.620491545264557,4.5176752868191485,-86.420741752686013,4.262763742038933,88.230198592002267,-86.420741752686013,4.262763742038933,88.230198592002267,-116.79248397202856,4.262763742038933,116.35259276026559,-116.79248397202856,4.262763742038933,116.35259276026559,-158.76461737518736,8.8717350639740982,138.65654007787563,-158.76461737518736,8.8717350639740982,138.65654007787563,-149.68943134633452,8.0856189661902338,154.86294087419748,-149.68943134633452,8.0856189661902338,154.86294087419748,-50.885879084329176,-50.885879084329176,-46.276907762394011,-47.063023860177879,False,False,False
2026-08-20|2026-08-27,2026-08-20,2026-08-27,-30.819279171302448,0,0.85135255687760425,3.1558950657859417,30.819279171302448,31.670631728180052,33.975174237088389,17.857617254471791,30.154903281031576,35.385503591485588,37.563912257616721,1252.1338644230393,False,12.297286026559785,17.527886337013797,19.70629500314493,-99.834889826918428,4.262763742038933,106.40822224610352,-99.834889826918428,4.262763742038933,106.40822224610352,-116.79248397202856,4.262763742038933,123.04780219523938,-116.79248397202856,4.262763742038933,123.04780219523938,-164.85232883992649,8.7508831261412734,141.3726205227652,-164.85232883992649,8.7508831261412734,141.3726205227652,-149.68943134633452,4.9039081969291685,155.49735880164911,-149.68943134633452,4.9039081969291685,155.49735880164911,35.082042913341382,35.082042913341382,39.570162297443723,35.723187368231613,False,False,False
2026-08-21|2026-08-28,2026-08-21,2026-08-28,-47.867339088811804,0,0.74189073342167366,3.1558950657859417,47.867339088811804,48.60922982223348,51.023234154597745,16.4922114910113,29.4789165320683,34.307241216659655,37.563912257616721,1176.9867998980712,False,12.986705041057,17.815029725648355,21.071700766605421,-97.655185885384668,4.3214249917578051,104.28775976303848,-97.655185885384668,4.3214249917578051,104.28775976303848,-116.79248397202856,4.3214249917578051,123.04780219523938,-116.79248397202856,4.3214249917578051,123.04780219523938,-165.02839224918188,8.741187485566833,141.16536393196469,-165.02839224918188,8.741187485566833,141.16536393196469,-149.68943134633452,4.9039081969291685,155.49735880164911,-149.68943134633452,4.9039081969291685,155.49735880164911,52.188764080569612,52.188764080569612,56.608526574378637,52.771247285740969,False,False,False
2026-08-24|2026-08-31,2026-08-24,2026-08-31,-58.299039780522754,0,4.1953209285854074,3.1558950657859417,58.299039780522754,62.494360709108165,61.454934846308696,20.466931713816059,29.505390255592548,30.992702759463853,37.563912257616721,960.54762433647841,False,9.0384585417764889,10.525771045647794,17.096980543800662,-97.945823521876349,5.2107234867926335,104.84471182480353,-97.945823521876349,5.2107234867926335,104.84471182480353,-116.79248397202856,5.2107234867926335,123.04780219523938,-116.79248397202856,5.2107234867926335,123.04780219523938,-165.78959556562793,8.503542840397726,141.74432602525997,-165.78959556562793,8.503542840397726,141.74432602525997,-161.11886777210785,4.9039081969291685,155.49735880164911,-161.11886777210785,4.9039081969291685,155.49735880164911,63.509763267315385,63.509763267315385,66.802582620920475,63.20294797745192,False,False,False
2026-08-25|2026-09-01,2026-08-25,2026-09-01,-61.738981306806991,0,3.703834489211272,3.1558950657859417,61.738981306806991,65.442815796018266,64.894876372592933,20.58304483994004,28.60962037587004,30.537866509084949,37.563912257616721,932.56129092669221,False,8.0265755359300002,9.9548216691449092,16.980867417676681,-95.659552045661883,5.2107234867926335,102.63651125776111,-95.659552045661883,5.2107234867926335,102.63651125776111,-116.79248397202856,5.2107234867926335,123.04780219523938,-116.79248397202856,5.2107234867926335,123.04780219523938,-165.00419700252633,8.3745379206817372,141.73708317567215,-165.00419700252633,8.3745379206817372,141.73708317567215,-149.68943134633452,4.9039081969291685,155.49735880164911,-149.68943134633452,4.9039081969291685,155.49735880164911,66.949704793599622,66.949704793599622,70.113519227488723,66.642889503736157,False,False,False
2026-08-26|2026-09-02,2026-08-26,2026-09-02,-77.984403119376594,0,3.0953265520674087,3.1558950657859417,77.984403119376594,81.079729671443999,81.140298185162536,20.925965034799802,27.776995597178399,29.094121923801584,37.563912257616721,846.46793051703196,False,6.8510305623785968,8.1681568890017822,16.637947222816919,-92.756665178834581,5.2107234867926335,99.832751296585485,-92.756665178834581,5.2107234867926335,99.832751296585485,-116.79248397202856,5.2107234867926335,123.04780219523938,-116.79248397202856,5.2107234867926335,123.04780219523938,-164.96510922013607,8.4615173210322645,141.16931664120065,-164.96510922013607,8.4615173210322645,141.16931664120065,-149.68943134633452,4.9039081969291685,155.49735880164911,-149.68943134633452,4.9039081969291685,155.49735880164911,83.195126606169225,83.195126606169225,86.445920440408855,82.88831131630576,False,False,False
2026-08-27|2026-09-03,2026-08-27,2026-09-03,-25.762129669386624,0,12.284185670125137,3.1558950657859417,25.762129669386624,38.046315339511764,28.918024735172565,23.612393762921929,27.397968216410444,19.361352202510428,37.563912257616721,374.86195910965534,False,3.7855744534885147,-4.2510415604115011,13.951518494694792,-91.919304959588146,4.3214249917578051,98.664950886528743,-91.919304959588146,4.3214249917578051,98.664950886528743,-116.79248397202856,4.3214249917578051,123.04780219523938,-116.79248397202856,4.3214249917578051,123.04780219523938,-157.01770113679203,8.4063310296173714,140.99629905002558,-157.01770113679203,8.4063310296173714,140.99629905002558,-149.68943134633452,5.9899423424955645,149.12766534156776,-149.68943134633452,5.9899423424955645,149.12766534156776,30.083554661144429,30.083554661144429,34.168460699003994,31.752072011882188,False,False,False
2026-08-28|2026-09-04,2026-08-28,2026-09-04,-18.036588508116846,0,11.268466827381069,3.1558950657859417,18.036588508116846,29.305055335497915,21.192483573902788,23.753302770239731,26.566646870293674,18.809607132760441,37.563912257616721,353.8013204887925,False,2.8133441000539428,-4.9436956374792906,13.81060948737699,-89.543719743637013,4.3214249917578051,96.33619584228056,-89.543719743637013,4.3214249917578051,96.33619584228056,-116.79248397202856,4.3214249917578051,123.04780219523938,-116.79248397202856,4.3214249917578051,123.04780219523938,-156.85470525026869,8.6072378844950013,140.98714292737009,-156.85470525026869,8.6072378844950013,140.98714292737009,-149.68943134633452,1.4224536147827906,151.1907465863305,-149.68943134633452,1.4224536147827906,151.1907465863305,22.358013499874652,22.358013499874652,26.643826392611849,19.459042122899636,False,False,False
2026-08-31|2026-09-07,2026-08-31,2026-09-07,22.421524663676085,0,14.012638511733678,3.1558950657859417,-22.421524663676085,-8.4088861519424061,-19.265629597890143,15.437315845036993,27.590072924398115,8.9977808095427321,37.196780215615824,80.960059496575454,False,12.152757079361121,-6.4395350354942611,21.759464370578833,-92.910029837910841,4.262763742038933,99.613227600186079,-92.910029837910841,4.262763742038933,99.613227600186079,-116.79248397202856,4.262763742038933,123.04780219523938,-116.79248397202856,4.262763742038933,123.04780219523938,-156.46021562975352,8.6710646181818216,137.23862118084543,-156.46021562975352,8.6710646181818216,137.23862118084543,-171.43158371628641,-11.266476902768028,150.76500266931305,-171.43158371628641,-11.266476902768028,150.76500266931305,-18.158760921637153,-18.158760921637153,-13.750460045494263,-33.688001566444115,False,False,False
2026-09-01|2026-09-08,2026-09-01,2026-09-08,20.707506471095982,0,15.244788742305232,3.1558950657859417,-20.707506471095982,-5.46271772879075,-17.551611405310041,15.570252444852912,26.779576845636548,7.0246931394327197,37.196780215615824,49.346313703193118,False,11.209324400783636,-8.5455593054201913,21.626527770762912,-90.05540490584616,4.262763742038933,96.812136869070557,-90.05540490584616,4.262763742038933,96.812136869070557,-116.79248397202856,4.262763742038933,123.04780219523938,-116.79248397202856,4.262763742038933,123.04780219523938,-156.1948587579036,8.6819960890501982,136.70442863489524,-156.1948587579036,8.6819960890501982,136.70442863489524,-171.43158371628641,-12.303887592529032,150.76500266931305,-171.43158371628641,-12.303887592529032,150.76500266931305,-16.444742729057047,-16.444742729057047,-12.025510382045784,-33.011394063625012,False,False,False
2026-09-02|2026-09-09,2026-09-02,2026-09-09,63.914320262568047,0,17.997379271805023,3.1558950657859417,-63.914320262568047,-45.916940990763024,-60.758425196782106,20.859075742309638,26.087334172606262,9.381403504504668,37.196780215615824,88.010731714332451,False,5.2282584302966235,-11.47767223780497,16.337704473306186,-87.992465714765885,3.8183254010282215,94.577625050037042,-87.992465714765885,3.8183254010282215,94.577625050037042,-116.79248397202856,3.8183254010282215,123.04780219523938,-116.79248397202856,3.8183254010282215,123.04780219523938,-154.81155506329699,8.6374735884170679,136.19213702616372,-154.81155506329699,8.6374735884170679,136.19213702616372,-171.43158371628641,-12.303887592529032,150.76500266931305,-171.43158371628641,-12.303887592529032,150.76500266931305,-60.095994861539829,-60.095994861539829,-55.276846674150981,-76.218207855097077,False,False,False
2026-09-03|2026-09-10,2026-09-03,2026-09-10,0.8609556607841462,0,20.594775103430788,6.5399916623066838,-0.8609556607841462,19.733819442646642,5.6790360015225376,20.536829931910184,26.476247260490457,26.119102945518023,37.563912257616721,682.2075386785682,False,5.9394173285802729,5.5822730136078391,17.027082325706537,-89.502486646151283,2.9780878046525849,95.689644544063142,-89.502486646151283,2.9780878046525849,95.689644544063142,-116.79248397202856,2.9780878046525849,123.04780219523938,-116.79248397202856,2.9780878046525849,123.04780219523938,-156.44475559370724,8.5078117368778425,136.90686131787032,-156.44475559370724,8.5078117368778425,136.90686131787032,-149.68943134633452,6.260770997995305,148.19523114724856,-149.68943134633452,6.260770997995305,148.19523114724856,2.1171321438684387,2.1171321438684387,7.6468560760936963,5.3998153372111588,False,False,False
2026-09-04|2026-09-11,2026-09-04,2026-09-11,-25.813113061434745,0,20.299144010058203,3.1558950657859417,25.813113061434745,46.112257071492948,28.969008127220686,22.357859199942332,25.712087199004788,24.130063315133249,37.563912257616721,582.25995559233934,False,3.3542279990624557,1.7722041151909167,15.206053057674389,-87.058961394637151,2.1661367393444042,92.833617569257882,-87.058961394637151,2.1661367393444042,92.833617569257882,-116.79248397202856,2.1661367393444042,123.04780219523938,-116.79248397202856,2.1661367393444042,123.04780219523938,-156.51076357867746,8.1648258154883635,136.47330637242496,-156.51076357867746,8.1648258154883635,136.47330637242496,-149.68943134633452,6.9431838869626201,148.19523114724856,-149.68943134633452,6.9431838869626201,148.19523114724856,27.979249800779151,27.979249800779151,33.977938876923105,32.756296948397363,False,False,False
2026-09-07|2026-09-14,2026-09-07,2026-09-14,-61.091034245395193,0,21.274555099013295,6.5399916623066838,61.091034245395193,82.365589344408491,67.631025907701883,27.387409786873761,24.928793441349551,22.440825121581963,37.563912257616721,503.59063213742405,False,-2.4586163455242094,-4.9465846652917982,10.17650247074296,-84.486148013610304,2.1661367393444042,90.21921295910083,-84.486148013610304,2.1661367393444042,90.21921295910083,-116.79248397202856,2.1661367393444042,123.04780219523938,-116.79248397202856,2.1661367393444042,123.04780219523938,-156.08105597122727,8.5216801398271098,135.58661765783319,-156.08105597122727,8.5216801398271098,135.58661765783319,-149.68943134633452,2.7793164158489279,148.19523114724856,-149.68943134633452,2.7793164158489279,148.19523114724856,63.257170984739595,63.257170984739595,69.612714385222304,63.870350661244117,False,False,False
2026-09-08|2026-09-15,2026-09-08,2026-09-15,-64.577234372309448,0,22.513922122868362,6.5399916623066838,64.577234372309448,87.091156495177813,71.117226034616138,27.60758540916714,24.228103714493479,21.250661102125179,37.563912257616721,451.59059727737616,False,-3.379481694673661,-6.356924307041961,9.9563268484495815,-82.094213425431718,2.1661367393444042,87.788611167053119,-82.094213425431718,2.1661367393444042,87.788611167053119,-116.79248397202856,2.1661367393444042,123.04780219523938,-116.79248397202856,2.1661367393444042,123.04780219523938,-155.99361050372147,8.1602209089673217,135.53388478072608,-155.99361050372147,8.1602209089673217,135.53388478072608,-149.68943134633452,7.3468051435616992,148.19523114724856,-149.68943134633452,7.3468051435616992,148.19523114724856,66.743371111653857,66.743371111653857,72.737455281276766,71.924039515871144,False,False,False
2026-09-09|2026-09-16,2026-09-09,2026-09-16,-98.695502917954812,0,17.822603755086107,6.5399916623066838,98.695502917954812,116.51810667304092,105.2354945802615,23.423733350916098,24.819618153309385,28.264686778990246,37.563912257616721,798.89251871442593,False,1.3958848023932866,4.8409534280741475,14.140178906700623,-84.111449056360414,2.1661367393444042,89.838456745502413,-84.111449056360414,2.1661367393444042,89.838456745502413,-116.79248397202856,2.1661367393444042,123.04780219523938,-116.79248397202856,2.1661367393444042,123.04780219523938,-157.49132226548184,8.0128992593022588,136.30661093178367,-157.49132226548184,8.0128992593022588,136.30661093178367,-149.68943134633452,6.260770997995305,148.19523114724856,-149.68943134633452,6.260770997995305,148.19523114724856,100.86163965729922,100.86163965729922,106.70840217725707,104.95627391595012,False,False,False
2026-09-10|2026-09-17,2026-09-10,2026-09-17,-116.21900826446318,0,7.915846066571584,3.1558950657859417,116.21900826446318,124.13485433103477,119.37490333024913,28.791929088689173,25.2255098348388,9.9973569156532385,37.563912257616721,99.94714529895964,False,-3.5664192538503734,-18.794572173035935,8.771983168927548,-85.737853687939023,1.7546942921664588,91.273847917360342,-85.737853687939023,1.7546942921664588,91.273847917360342,-116.79248397202856,1.7546942921664588,123.04780219523938,-116.79248397202856,1.7546942921664588,123.04780219523938,-158.83289371318483,7.8581513937367218,127.88465391123827,-158.83289371318483,7.8581513937367218,127.88465391123827,-149.68943134633452,-13.402750048672866,153.93050667987828,-149.68943134633452,-13.402750048672866,153.93050667987828,117.97370255662965,117.97370255662965,124.0771596581999,102.81625821579031,False,False,False
2026-09-11|2026-09-18,2026-09-11,2026-09-18,-113.87163561076719,0,13.049767215043561,3.1558950657859417,113.87163561076719,126.92140282581074,117.02753067655313,28.469479985964426,24.975183086778056,10.247976235666098,37.563912257616721,105.02101692677708,False,-3.4942968991863701,-18.221503750298329,9.0944322716522947,-84.985981285584373,1.7536168482035208,90.503974896010916,-84.985981285584373,1.7536168482035208,90.503974896010916,-116.79248397202856,1.7536168482035208,123.04780219523938,-116.79248397202856,1.7536168482035208,123.04780219523938,-158.34258930855535,7.8942985397143488,128.20675581920261,-158.34258930855535,7.8942985397143488,128.20675581920261,-149.68943134633452,-13.402750048672866,148.19523114724856,-149.68943134633452,-13.402750048672866,148.19523114724856,115.62525245897071,115.62525245897071,121.76593415048154,100.46888556209431,False,False,False
2026-09-14|2026-09-21,2026-09-14,2026-09-21,-52.809280581768149,0,6.5257621237815417,3.1558950657859417,52.809280581768149,59.335042705549689,55.965175647554091,26.407813053860227,25.717563804799052,10.145693190019905,37.563912257616721,102.93509030601626,False,-0.69024924906117491,-16.262119863840322,11.156099203756494,-87.472731576522122,1.7520816848570764,93.047603769505884,-87.472731576522122,1.7520816848570764,93.047603769505884,-116.79248397202856,1.7520816848570764,123.04780219523938,-116.79248397202856,1.7520816848570764,123.04780219523938,-159.41399429770468,7.2929970012042364,129.13109908619052,-159.41399429770468,7.2929970012042364,129.13109908619052,-149.68943134633452,-14.550485253348803,153.93050667987828,-149.68943134633452,-14.550485253348803,153.93050667987828,54.561362266625224,54.561362266625224,60.102277582972384,38.258795328419346,False,False,False
2026-09-15|2026-09-22,2026-09-15,2026-09-22,-65.863593032323692,0,3.9310945874371033,3.1558950657859417,65.863593032323692,69.794687619760793,69.019488098109633,28.039708559709908,25.063619484484622,10.47619356287718,37.563912257616721,109.75063156686927,False,-2.9760890752252855,-17.56351499683273,9.5242036979068132,-85.34489373790035,1.3058279704480924,90.629966099666589,-85.34489373790035,1.3058279704480924,90.629966099666589,-116.79248397202856,1.3058279704480924,123.04780219523938,-116.79248397202856,1.3058279704480924,123.04780219523938,-159.22526769066602,7.5461368736270797,126.81012027350822,-159.22526769066602,7.5461368736270797,126.81012027350822,-149.68943134633452,-14.550485253348803,153.93050667987828,-149.68943134633452,-14.550485253348803,153.93050667987828,67.169421002771784,67.169421002771784,73.409729905950769,51.313107778974889,False,False,False
2026-09-16|2026-09-23,2026-09-16,2026-09-23,-109.21383375227522,0,2.0432254481831547,3.1558950657859417,109.21383375227522,111.25705920045837,112.36972881806116,34.60044796892327,24.303789214980664,0.01,37.563912257616721,-62.829883711311602,True,-10.296658753942605,-34.590447968923272,2.9634642886934515,-84.146798918756545,-1.287144979639776,87.906573555983258,-84.146798918756545,-1.287144979639776,87.906573555983258,-116.79248397202856,-1.287144979639776,123.04780219523938,-116.79248397202856,-1.287144979639776,123.04780219523938,-158.43049094971843,7.4064921157654355,125.12171991475093,-158.43049094971843,7.4064921157654355,125.12171991475093,-149.68943134633452,-26.630526381693308,163.17213785393847,-149.68943134633452,-26.630526381693308,163.17213785393847,107.92668877263544,107.92668877263544,116.62032586804065,82.583307370581906,False,False,False
2026-09-17|2026-09-24,2026-09-17,2026-09-24,-99.294486542982341,0,8.8922532464749953,3.1558950657859417,99.294486542982341,108.18673978945733,102.45038160876828,31.989661360272322,26.393154355397783,0.01,37.563912257616721,-8.7813191367122272,True,-5.5965070048745389,-31.979661360272321,5.5742508973443989,-92.413939135889521,-3.8639140188240217,94.854019268168884,-92.413939135889521,-3.8639140188240217,94.854019268168884,-117.70377354803412,-3.8639140188240217,123.04780219523938,-117.70377354803412,-3.8639140188240217,123.04780219523938,-154.40852820192163,7.5525828968592172,127.03316974386097,-154.40852820192163,7.5525828968592172,127.03316974386097,-149.68943134633452,-14.550485253348803,163.17213785393847,-149.68943134633452,-14.550485253348803,163.17213785393847,95.430572524158322,95.430572524158322,106.84706943984156,84.74400128963353,False,False,False
2026-09-18|2026-09-25,2026-09-18,2026-09-25,-49.738219895286704,0,2.0820155251668169,3.1558950657859417,49.738219895286704,51.820235420453521,52.894114961072646,34.015163469373377,25.978385604215429,1.2540289975684979,37.563912257616721,1.5725887267426517,False,-8.0367778651579478,-32.76113447180488,3.5487487882433442,-90.987725948749471,-3.8639140188240217,93.264038711133566,-90.987725948749471,-3.8639140188240217,93.264038711133566,-117.70377354803412,-3.8639140188240217,123.04780219523938,-117.70377354803412,-3.8639140188240217,123.04780219523938,-154.40558515655499,7.7910401899753774,125.14768167318616,-154.40558515655499,7.7910401899753774,125.14768167318616,-149.68943134633452,-26.630526381693308,163.17213785393847,-149.68943134633452,-26.630526381693308,163.17213785393847,45.874305876462685,45.874305876462685,57.529260085262081,23.107693513593397,False,False,False
2026-09-21|2026-09-28,2026-09-21,2026-09-28,-97.476066144474018,0,0.99184774232116002,3.1558950657859417,97.476066144474018,98.467913886795174,100.63196121025996,33.408180698339073,25.99040633424303,13.925774299260077,37.563912257616721,193.92718983393249,False,-7.4177743640960436,-19.482406399078997,4.1557315592776476,-91.072964284838733,-3.8639140188240217,93.359064685032862,-91.072964284838733,-3.8639140188240217,93.359064685032862,-117.70377354803412,-3.8639140188240217,123.04780219523938,-117.70377354803412,-3.8639140188240217,123.04780219523938,-154.28205528502389,8.0007244984975792,125.66555428029952,-154.28205528502389,8.0007244984975792,125.66555428029952,-149.68943134633452,-25.482791177017369,163.17213785393847,-149.68943134633452,-25.482791177017369,163.17213785393847,93.612152125649999,93.612152125649999,105.47679064297159,71.993274967456642,False,False,False
2026-09-22|2026-09-29,2026-09-22,2026-09-29,-94.216173776499048,0,-1.2884895646192294,3.1558950657859417,94.216173776499048,92.927684211879821,97.372068842284989,32.975651592260142,25.847678169886549,19.973209686349946,37.563912257616721,398.92910517490327,False,-7.1279734223735929,-13.002441905910196,4.5882606653565787,-90.542804285151988,-3.8639140188240217,92.768028156118007,-90.542804285151988,-3.8639140188240217,92.768028156118007,-117.70377354803412,-3.8639140188240217,123.04780219523938,-117.70377354803412,-3.8639140188240217,123.04780219523938,-155.7203979153054,8.0291373600149107,126.03059507888656,-155.7203979153054,8.0291373600149107,126.03059507888656,-149.68943134633452,-26.630526381693308,163.17213785393847,-149.68943134633452,-26.630526381693308,163.17213785393847,90.352259757675029,90.352259757675029,102.24531113651396,67.585647394805733,False,False,False
2026-09-23|2026-09-30,2026-09-23,2026-09-30,-49.075453509771492,0,0.0331216088804131,3.1558950657859417,49.075453509771492,49.108575118651906,52.231348575557433,25.996673279240557,27.413250293818731,21.288223191412211,37.563912257616721,453.18844664738072,False,1.4165770145781735,-4.7084500878283464,11.567238978376164,-95.983344866002099,-3.8639140188240217,98.833288119573794,-95.983344866002099,-3.8639140188240217,98.833288119573794,-117.70377354803412,-3.8639140188240217,123.04780219523938,-117.70377354803412,-3.8639140188240217,123.04780219523938,-158.31133132290216,7.9061099621957887,127.62606074720068,-158.31133132290216,7.9061099621957887,127.62606074720068,-149.68943134633452,-15.381504099928351,153.93050667987828,-149.68943134633452,-15.381504099928351,153.93050667987828,45.211539490947473,45.211539490947473,56.981563471967277,33.693949409843142,False,False,False
